on_disk_filename,url_hash,original_filename,agency,part_number,is_dod,source_url,pdf_size_bytes
d505e085bce19b23_CFTC_RFO_Deviation_Part-1.pdf,d505e085bce19b23,CFTC_RFO_Deviation_Part-1.pdf,CFTC,1,0,https://www.acquisition.gov/sites/default/files/page_file_uploads/CFTC_RFO_Deviation_Part-1.pdf,310890
3ba2deaa66e30b68_CFTC_RFO_Deviation_Part-10.pdf,3ba2deaa66e30b68,CFTC_RFO_Deviation_Part-10.pdf,CFTC,10,0,https://www.acquisition.gov/sites/default/files/page_file_uploads/CFTC_RFO_Deviation_Part-10.pdf,366297
3b896f6cc04318fb_CFTC_RFO_Deviation_Part-11.pdf,3b896f6cc04318fb,CFTC_RFO_Deviation_Part-11.pdf,CFTC,11,0,https://www.acquisition.gov/sites/default/files/page_file_uploads/CFTC_RFO_Deviation_Part-11.pdf,329614
0e07c0941ab911ae_CFTC_RFO_Deviation_Part-12-Supplement-1.pdf,0e07c0941ab911ae,CFTC_RFO_Deviation_Part-12-Supplement-1.pdf,CFTC,12,0,https://www.acquisition.gov/sites/default/files/page_file_uploads/CFTC_RFO_Deviation_Part-12-Supplement-1.pdf,481830
5494ab9512d43e8a_CFTC_RFO_Deviation_Part-13-Supplement-1.pdf,5494ab9512d43e8a,CFTC_RFO_Deviation_Part-13-Supplement-1.pdf,CFTC,13,0,https://www.acquisition.gov/sites/default/files/page_file_uploads/CFTC_RFO_Deviation_Part-13-Supplement-1.pdf,459017
cd16a5f8cb431875_CFTC_RFO_Deviation_Part-14.pdf,cd16a5f8cb431875,CFTC_RFO_Deviation_Part-14.pdf,CFTC,14,0,https://www.acquisition.gov/sites/default/files/page_file_uploads/CFTC_RFO_Deviation_Part-14.pdf,327145
c110eb6639a14441_CFTC_RFO_Deviation_Part-15.pdf,c110eb6639a14441,CFTC_RFO_Deviation_Part-15.pdf,CFTC,15,0,https://www.acquisition.gov/sites/default/files/page_file_uploads/CFTC_RFO_Deviation_Part-15.pdf,362184
a7df4c7c2c7d9165_CFTC_RFO_Deviation_Part-16.pdf,a7df4c7c2c7d9165,CFTC_RFO_Deviation_Part-16.pdf,CFTC,16,0,https://www.acquisition.gov/sites/default/files/page_file_uploads/CFTC_RFO_Deviation_Part-16.pdf,335792
95ea5a9670161496_CFTC_RFO_Deviation_Part-17.pdf,95ea5a9670161496,CFTC_RFO_Deviation_Part-17.pdf,CFTC,17,0,https://www.acquisition.gov/sites/default/files/page_file_uploads/CFTC_RFO_Deviation_Part-17.pdf,326016
33e8142d273cd9d8_CFTC_RFO_Deviation_Part-18.pdf,33e8142d273cd9d8,CFTC_RFO_Deviation_Part-18.pdf,CFTC,18,0,https://www.acquisition.gov/sites/default/files/page_file_uploads/CFTC_RFO_Deviation_Part-18.pdf,299072
06b72eeab0cbfea0_CFTC_RFO_Deviation_Part-19.pdf,06b72eeab0cbfea0,CFTC_RFO_Deviation_Part-19.pdf,CFTC,19,0,https://www.acquisition.gov/sites/default/files/page_file_uploads/CFTC_RFO_Deviation_Part-19.pdf,358916
17d5bf6978f4e2d1_CFTC_RFO_Deviation_Part-22.pdf,17d5bf6978f4e2d1,CFTC_RFO_Deviation_Part-22.pdf,CFTC,22,0,https://www.acquisition.gov/sites/default/files/page_file_uploads/CFTC_RFO_Deviation_Part-22.pdf,358123
37eb0410cd4abc88_CFTC_RFO_Deviation_Part-23.pdf,37eb0410cd4abc88,CFTC_RFO_Deviation_Part-23.pdf,CFTC,23,0,https://www.acquisition.gov/sites/default/files/page_file_uploads/CFTC_RFO_Deviation_Part-23.pdf,329139
93196235c102f729_CFTC_RFO_Deviation_Part-24.pdf,93196235c102f729,CFTC_RFO_Deviation_Part-24.pdf,CFTC,24,0,https://www.acquisition.gov/sites/default/files/page_file_uploads/CFTC_RFO_Deviation_Part-24.pdf,289637
3ea13992350c0bf9_CFTC_RFO_Deviation_Part-25.pdf,3ea13992350c0bf9,CFTC_RFO_Deviation_Part-25.pdf,CFTC,25,0,https://www.acquisition.gov/sites/default/files/page_file_uploads/CFTC_RFO_Deviation_Part-25.pdf,335471
c991bd99691b264f_CFTC_RFO_Deviation_Part-26.pdf,c991bd99691b264f,CFTC_RFO_Deviation_Part-26.pdf,CFTC,26,0,https://www.acquisition.gov/sites/default/files/page_file_uploads/CFTC_RFO_Deviation_Part-26.pdf,307408
2203d420dfdc8feb_CFTC_RFO_Deviation_Part-27.pdf,2203d420dfdc8feb,CFTC_RFO_Deviation_Part-27.pdf,CFTC,27,0,https://www.acquisition.gov/sites/default/files/page_file_uploads/CFTC_RFO_Deviation_Part-27.pdf,348558
42cdaae26b16c83b_CFTC_RFO_Deviation_Part-28.pdf,42cdaae26b16c83b,CFTC_RFO_Deviation_Part-28.pdf,CFTC,28,0,https://www.acquisition.gov/sites/default/files/page_file_uploads/CFTC_RFO_Deviation_Part-28.pdf,289879
b58f81be476f1556_CFTC_RFO_Deviation_Part-29.pdf,b58f81be476f1556,CFTC_RFO_Deviation_Part-29.pdf,CFTC,29,0,https://www.acquisition.gov/sites/default/files/page_file_uploads/CFTC_RFO_Deviation_Part-29.pdf,291015
fbeaf8522e48f458_CFTC_RFO_Deviation_Part-3.pdf,fbeaf8522e48f458,CFTC_RFO_Deviation_Part-3.pdf,CFTC,3,0,https://www.acquisition.gov/sites/default/files/page_file_uploads/CFTC_RFO_Deviation_Part-3.pdf,321875
fa959d0d214ef030_CFTC_RFO_Deviation_Part-30.pdf,fa959d0d214ef030,CFTC_RFO_Deviation_Part-30.pdf,CFTC,30,0,https://www.acquisition.gov/sites/default/files/page_file_uploads/CFTC_RFO_Deviation_Part-30.pdf,327928
57fb971fdc60fae9_CFTC_RFO_Deviation_Part-31.pdf,57fb971fdc60fae9,CFTC_RFO_Deviation_Part-31.pdf,CFTC,31,0,https://www.acquisition.gov/sites/default/files/page_file_uploads/CFTC_RFO_Deviation_Part-31.pdf,264903
08d34576d48dd9de_CFTC_RFO_Deviation_Part-32.pdf,08d34576d48dd9de,CFTC_RFO_Deviation_Part-32.pdf,CFTC,32,0,https://www.acquisition.gov/sites/default/files/page_file_uploads/CFTC_RFO_Deviation_Part-32.pdf,322050
50b41ad81b81cce3_CFTC_RFO_Deviation_Part-33.pdf,50b41ad81b81cce3,CFTC_RFO_Deviation_Part-33.pdf,CFTC,33,0,https://www.acquisition.gov/sites/default/files/page_file_uploads/CFTC_RFO_Deviation_Part-33.pdf,320444
23988d974af3ee8c_CFTC_RFO_Deviation_Part-34.pdf,23988d974af3ee8c,CFTC_RFO_Deviation_Part-34.pdf,CFTC,34,0,https://www.acquisition.gov/sites/default/files/page_file_uploads/CFTC_RFO_Deviation_Part-34.pdf,310960
c7eb7b973703e8a7_CFTC_RFO_Deviation_Part-35.pdf,c7eb7b973703e8a7,CFTC_RFO_Deviation_Part-35.pdf,CFTC,35,0,https://www.acquisition.gov/sites/default/files/page_file_uploads/CFTC_RFO_Deviation_Part-35.pdf,312256
4ec5ed181cf2bd74_CFTC_RFO_Deviation_Part-36.pdf,4ec5ed181cf2bd74,CFTC_RFO_Deviation_Part-36.pdf,CFTC,36,0,https://www.acquisition.gov/sites/default/files/page_file_uploads/CFTC_RFO_Deviation_Part-36.pdf,298261
1926b5895a4c9abc_CFTC_RFO_Deviation_Part-37.pdf,1926b5895a4c9abc,CFTC_RFO_Deviation_Part-37.pdf,CFTC,37,0,https://www.acquisition.gov/sites/default/files/page_file_uploads/CFTC_RFO_Deviation_Part-37.pdf,340312
bdf174b036a8bdce_CFTC_RFO_Deviation_Part-38.pdf,bdf174b036a8bdce,CFTC_RFO_Deviation_Part-38.pdf,CFTC,38,0,https://www.acquisition.gov/sites/default/files/page_file_uploads/CFTC_RFO_Deviation_Part-38.pdf,286758
01d293919e74412b_CFTC_RFO_Deviation_Part-39.pdf,01d293919e74412b,CFTC_RFO_Deviation_Part-39.pdf,CFTC,39,0,https://www.acquisition.gov/sites/default/files/page_file_uploads/CFTC_RFO_Deviation_Part-39.pdf,299302
9c48b48f596b1950_CFTC_RFO_Deviation_Part-4.pdf,9c48b48f596b1950,CFTC_RFO_Deviation_Part-4.pdf,CFTC,4,0,https://www.acquisition.gov/sites/default/files/page_file_uploads/CFTC_RFO_Deviation_Part-4.pdf,370237
6a39b42e8bf53f77_CFTC_RFO_Deviation_Part-40.pdf,6a39b42e8bf53f77,CFTC_RFO_Deviation_Part-40.pdf,CFTC,40,0,https://www.acquisition.gov/sites/default/files/page_file_uploads/CFTC_RFO_Deviation_Part-40.pdf,359140
1192f66301389fdc_CFTC_RFO_Deviation_Part-41.pdf,1192f66301389fdc,CFTC_RFO_Deviation_Part-41.pdf,CFTC,41,0,https://www.acquisition.gov/sites/default/files/page_file_uploads/CFTC_RFO_Deviation_Part-41.pdf,290983
f62da12a4552cea7_CFTC_RFO_Deviation_Part-42.pdf,f62da12a4552cea7,CFTC_RFO_Deviation_Part-42.pdf,CFTC,42,0,https://www.acquisition.gov/sites/default/files/page_file_uploads/CFTC_RFO_Deviation_Part-42.pdf,328111
315fb46fe923c246_CFTC_RFO_Deviation_Part-43.pdf,315fb46fe923c246,CFTC_RFO_Deviation_Part-43.pdf,CFTC,43,0,https://www.acquisition.gov/sites/default/files/page_file_uploads/CFTC_RFO_Deviation_Part-43.pdf,278094
531c3bd2165a3419_CFTC_RFO_Deviation_Part-44.pdf,531c3bd2165a3419,CFTC_RFO_Deviation_Part-44.pdf,CFTC,44,0,https://www.acquisition.gov/sites/default/files/page_file_uploads/CFTC_RFO_Deviation_Part-44.pdf,318941
7036e972fd6ed602_CFTC_RFO_Deviation_Part-45.pdf,7036e972fd6ed602,CFTC_RFO_Deviation_Part-45.pdf,CFTC,45,0,https://www.acquisition.gov/sites/default/files/page_file_uploads/CFTC_RFO_Deviation_Part-45.pdf,292335
24da20dea1a023af_CFTC_RFO_Deviation_Part-46.pdf,24da20dea1a023af,CFTC_RFO_Deviation_Part-46.pdf,CFTC,46,0,https://www.acquisition.gov/sites/default/files/page_file_uploads/CFTC_RFO_Deviation_Part-46.pdf,294847
d1ea6b1522799c7f_CFTC_RFO_Deviation_Part-47.pdf,d1ea6b1522799c7f,CFTC_RFO_Deviation_Part-47.pdf,CFTC,47,0,https://www.acquisition.gov/sites/default/files/page_file_uploads/CFTC_RFO_Deviation_Part-47.pdf,330389
148e3a664b49c627_CFTC_RFO_Deviation_Part-48.pdf,148e3a664b49c627,CFTC_RFO_Deviation_Part-48.pdf,CFTC,48,0,https://www.acquisition.gov/sites/default/files/page_file_uploads/CFTC_RFO_Deviation_Part-48.pdf,312851
b09ec4b41656bd38_CFTC_RFO_Deviation_Part-49.pdf,b09ec4b41656bd38,CFTC_RFO_Deviation_Part-49.pdf,CFTC,49,0,https://www.acquisition.gov/sites/default/files/page_file_uploads/CFTC_RFO_Deviation_Part-49.pdf,294961
4f4a7d6ce3c44dec_CFTC_RFO_Deviation_Part-5-Supplement-1.pdf,4f4a7d6ce3c44dec,CFTC_RFO_Deviation_Part-5-Supplement-1.pdf,CFTC,5,0,https://www.acquisition.gov/sites/default/files/page_file_uploads/CFTC_RFO_Deviation_Part-5-Supplement-1.pdf,459761
c71ee09a3e5f2d5e_CFTC_RFO_Deviation_Part-50.pdf,c71ee09a3e5f2d5e,CFTC_RFO_Deviation_Part-50.pdf,CFTC,50,0,https://www.acquisition.gov/sites/default/files/page_file_uploads/CFTC_RFO_Deviation_Part-50.pdf,283917
7a119d0505871d69_CFTC_RFO_Deviation_Part-51.pdf,7a119d0505871d69,CFTC_RFO_Deviation_Part-51.pdf,CFTC,51,0,https://www.acquisition.gov/sites/default/files/page_file_uploads/CFTC_RFO_Deviation_Part-51.pdf,287170
acc96a1d6bf919d6_CFTC_RFO_Deviation_Part-53.pdf,acc96a1d6bf919d6,CFTC_RFO_Deviation_Part-53.pdf,CFTC,53,0,https://www.acquisition.gov/sites/default/files/page_file_uploads/CFTC_RFO_Deviation_Part-53.pdf,294778
52c005e3656b9554_CFTC_RFO_Deviation_Part-6.pdf,52c005e3656b9554,CFTC_RFO_Deviation_Part-6.pdf,CFTC,6,0,https://www.acquisition.gov/sites/default/files/page_file_uploads/CFTC_RFO_Deviation_Part-6.pdf,283379
4976b94de2cf672b_CFTC_RFO_Deviation_Part-7.pdf,4976b94de2cf672b,CFTC_RFO_Deviation_Part-7.pdf,CFTC,7,0,https://www.acquisition.gov/sites/default/files/page_file_uploads/CFTC_RFO_Deviation_Part-7.pdf,325181
7b77ca85d107cae4_CFTC_RFO_Deviation_Part-8-Supplement-1.pdf,7b77ca85d107cae4,CFTC_RFO_Deviation_Part-8-Supplement-1.pdf,CFTC,8,0,https://www.acquisition.gov/sites/default/files/page_file_uploads/CFTC_RFO_Deviation_Part-8-Supplement-1.pdf,472749
88a5798a3d824e2e_CFTC_RFO_Deviation_Part-9-Supplement-1.pdf,88a5798a3d824e2e,CFTC_RFO_Deviation_Part-9-Supplement-1.pdf,CFTC,9,0,https://www.acquisition.gov/sites/default/files/page_file_uploads/CFTC_RFO_Deviation_Part-9-Supplement-1.pdf,483512
8ae799dfb7777b2e_CPSC_RFO_Deviation_Part-1.pdf,8ae799dfb7777b2e,CPSC_RFO_Deviation_Part-1.pdf,CPSC,1,0,https://www.acquisition.gov/sites/default/files/page_file_uploads/CPSC_RFO_Deviation_Part-1.pdf,220768
e40becfc33db4bea_CPSC_RFO_Deviation_Part-10.pdf,e40becfc33db4bea,CPSC_RFO_Deviation_Part-10.pdf,CPSC,10,0,https://www.acquisition.gov/sites/default/files/page_file_uploads/CPSC_RFO_Deviation_Part-10.pdf,276360
81b0a5d7a4f87717_CPSC_RFO_Deviation_Part-11.pdf,81b0a5d7a4f87717,CPSC_RFO_Deviation_Part-11.pdf,CPSC,11,0,https://www.acquisition.gov/sites/default/files/page_file_uploads/CPSC_RFO_Deviation_Part-11.pdf,269663
935eda0e3ab3b526_CPSC_RFO_Deviation_Part-12.pdf,935eda0e3ab3b526,CPSC_RFO_Deviation_Part-12.pdf,CPSC,12,0,https://www.acquisition.gov/sites/default/files/page_file_uploads/CPSC_RFO_Deviation_Part-12.pdf,232593
f834835912aaa94e_CPSC_RFO_Deviation_Part-14.pdf,f834835912aaa94e,CPSC_RFO_Deviation_Part-14.pdf,CPSC,14,0,https://www.acquisition.gov/sites/default/files/page_file_uploads/CPSC_RFO_Deviation_Part-14.pdf,227013
eb0cad5bece8f82d_CPSC_RFO_Deviation_Part-15.pdf,eb0cad5bece8f82d,CPSC_RFO_Deviation_Part-15.pdf,CPSC,15,0,https://www.acquisition.gov/sites/default/files/page_file_uploads/CPSC_RFO_Deviation_Part-15.pdf,293138
4432e9003e41a115_CPSC_RFO_Deviation_Part-16.pdf,4432e9003e41a115,CPSC_RFO_Deviation_Part-16.pdf,CPSC,16,0,https://www.acquisition.gov/sites/default/files/page_file_uploads/CPSC_RFO_Deviation_Part-16.pdf,294195
510b948b3bb6491c_CPSC_RFO_Deviation_Part-17.pdf,510b948b3bb6491c,CPSC_RFO_Deviation_Part-17.pdf,CPSC,17,0,https://www.acquisition.gov/sites/default/files/page_file_uploads/CPSC_RFO_Deviation_Part-17.pdf,223442
6e246f011c82f48d_CPSC_RFO_Deviation_Part-19.pdf,6e246f011c82f48d,CPSC_RFO_Deviation_Part-19.pdf,CPSC,19,0,https://www.acquisition.gov/sites/default/files/page_file_uploads/CPSC_RFO_Deviation_Part-19.pdf,287110
b4b80c7079b01b1e_CPSC_RFO_Deviation_Part-22.pdf,b4b80c7079b01b1e,CPSC_RFO_Deviation_Part-22.pdf,CPSC,22,0,https://www.acquisition.gov/sites/default/files/page_file_uploads/CPSC_RFO_Deviation_Part-22.pdf,288661
a9248945db55a5b0_CPSC_RFO_Deviation_Part-23.pdf,a9248945db55a5b0,CPSC_RFO_Deviation_Part-23.pdf,CPSC,23,0,https://www.acquisition.gov/sites/default/files/page_file_uploads/CPSC_RFO_Deviation_Part-23.pdf,300892
e3df7f8f149e86cd_CPSC_RFO_Deviation_Part-24.pdf,e3df7f8f149e86cd,CPSC_RFO_Deviation_Part-24.pdf,CPSC,24,0,https://www.acquisition.gov/sites/default/files/page_file_uploads/CPSC_RFO_Deviation_Part-24.pdf,197020
7aebeb474768c145_CPSC_RFO_Deviation_Part-25.pdf,7aebeb474768c145,CPSC_RFO_Deviation_Part-25.pdf,CPSC,25,0,https://www.acquisition.gov/sites/default/files/page_file_uploads/CPSC_RFO_Deviation_Part-25.pdf,295931
6139f7ab9862a352_CPSC_RFO_Deviation_Part-26.pdf,6139f7ab9862a352,CPSC_RFO_Deviation_Part-26.pdf,CPSC,26,0,https://www.acquisition.gov/sites/default/files/page_file_uploads/CPSC_RFO_Deviation_Part-26.pdf,220078
c3840d19186338eb_CPSC_RFO_Deviation_Part-27.pdf,c3840d19186338eb,CPSC_RFO_Deviation_Part-27.pdf,CPSC,27,0,https://www.acquisition.gov/sites/default/files/page_file_uploads/CPSC_RFO_Deviation_Part-27.pdf,228445
a26a5b056efc1b96_CPSC_RFO_Deviation_Part-28.pdf,a26a5b056efc1b96,CPSC_RFO_Deviation_Part-28.pdf,CPSC,28,0,https://www.acquisition.gov/sites/default/files/page_file_uploads/CPSC_RFO_Deviation_Part-28.pdf,197588
34cf9efbc1705a62_CPSC_RFO_Deviation_Part-29.pdf,34cf9efbc1705a62,CPSC_RFO_Deviation_Part-29.pdf,CPSC,29,0,https://www.acquisition.gov/sites/default/files/page_file_uploads/CPSC_RFO_Deviation_Part-29.pdf,209266
d6bb6be69596baab_CPSC_RFO_Deviation_Part-30.pdf,d6bb6be69596baab,CPSC_RFO_Deviation_Part-30.pdf,CPSC,30,0,https://www.acquisition.gov/sites/default/files/page_file_uploads/CPSC_RFO_Deviation_Part-30.pdf,230360
38519e5cfca32faa_CPSC_RFO_Deviation_Part-31.pdf,38519e5cfca32faa,CPSC_RFO_Deviation_Part-31.pdf,CPSC,31,0,https://www.acquisition.gov/sites/default/files/page_file_uploads/CPSC_RFO_Deviation_Part-31.pdf,201212
82ac62694492652e_CPSC_RFO_Deviation_Part-32.pdf,82ac62694492652e,CPSC_RFO_Deviation_Part-32.pdf,CPSC,32,0,https://www.acquisition.gov/sites/default/files/page_file_uploads/CPSC_RFO_Deviation_Part-32.pdf,278617
4a43d1033fd46d67_CPSC_RFO_Deviation_Part-33.pdf,4a43d1033fd46d67,CPSC_RFO_Deviation_Part-33.pdf,CPSC,33,0,https://www.acquisition.gov/sites/default/files/page_file_uploads/CPSC_RFO_Deviation_Part-33.pdf,223460
2577d0c230ff0ea7_CPSC_RFO_Deviation_Part-34.pdf,2577d0c230ff0ea7,CPSC_RFO_Deviation_Part-34.pdf,CPSC,34,0,https://www.acquisition.gov/sites/default/files/page_file_uploads/CPSC_RFO_Deviation_Part-34.pdf,219073
1c1f23764f657476_CPSC_RFO_Deviation_Part-35.pdf,1c1f23764f657476,CPSC_RFO_Deviation_Part-35.pdf,CPSC,35,0,https://www.acquisition.gov/sites/default/files/page_file_uploads/CPSC_RFO_Deviation_Part-35.pdf,207072
bb188ef269d9bcc2_CPSC_RFO_Deviation_Part-36.pdf,bb188ef269d9bcc2,CPSC_RFO_Deviation_Part-36.pdf,CPSC,36,0,https://www.acquisition.gov/sites/default/files/page_file_uploads/CPSC_RFO_Deviation_Part-36.pdf,230470
64c7129baa563020_CPSC_RFO_Deviation_Part-37.pdf,64c7129baa563020,CPSC_RFO_Deviation_Part-37.pdf,CPSC,37,0,https://www.acquisition.gov/sites/default/files/page_file_uploads/CPSC_RFO_Deviation_Part-37.pdf,239138
4a4ed97a6cff50c9_CPSC_RFO_Deviation_Part-38.pdf,4a4ed97a6cff50c9,CPSC_RFO_Deviation_Part-38.pdf,CPSC,38,0,https://www.acquisition.gov/sites/default/files/page_file_uploads/CPSC_RFO_Deviation_Part-38.pdf,195332
d5422444fdd24ed8_CPSC_RFO_Deviation_Part-4.pdf,d5422444fdd24ed8,CPSC_RFO_Deviation_Part-4.pdf,CPSC,4,0,https://www.acquisition.gov/sites/default/files/page_file_uploads/CPSC_RFO_Deviation_Part-4.pdf,279655
bf8dc1cedb5b7695_CPSC_RFO_Deviation_Part-40.pdf,bf8dc1cedb5b7695,CPSC_RFO_Deviation_Part-40.pdf,CPSC,40,0,https://www.acquisition.gov/sites/default/files/page_file_uploads/CPSC_RFO_Deviation_Part-40.pdf,234868
994b43a42dc7dd36_CPSC_RFO_Deviation_Part-41.pdf,994b43a42dc7dd36,CPSC_RFO_Deviation_Part-41.pdf,CPSC,41,0,https://www.acquisition.gov/sites/default/files/page_file_uploads/CPSC_RFO_Deviation_Part-41.pdf,196856
3d8bef6f5dc39d96_CPSC_RFO_Deviation_Part-42.pdf,3d8bef6f5dc39d96,CPSC_RFO_Deviation_Part-42.pdf,CPSC,42,0,https://www.acquisition.gov/sites/default/files/page_file_uploads/CPSC_RFO_Deviation_Part-42.pdf,288494
59fc5065deaa376b_CPSC_RFO_Deviation_Part-44.pdf,59fc5065deaa376b,CPSC_RFO_Deviation_Part-44.pdf,CPSC,44,0,https://www.acquisition.gov/sites/default/files/page_file_uploads/CPSC_RFO_Deviation_Part-44.pdf,224573
26942750d1119b37_CPSC_RFO_Deviation_Part-45.pdf,26942750d1119b37,CPSC_RFO_Deviation_Part-45.pdf,CPSC,45,0,https://www.acquisition.gov/sites/default/files/page_file_uploads/CPSC_RFO_Deviation_Part-45.pdf,194317
962e8af8623473e1_CPSC_RFO_Deviation_Part-46.pdf,962e8af8623473e1,CPSC_RFO_Deviation_Part-46.pdf,CPSC,46,0,https://www.acquisition.gov/sites/default/files/page_file_uploads/CPSC_RFO_Deviation_Part-46.pdf,199281
22cf239f0902d1b6_CPSC_RFO_Deviation_Part-47.pdf,22cf239f0902d1b6,CPSC_RFO_Deviation_Part-47.pdf,CPSC,47,0,https://www.acquisition.gov/sites/default/files/page_file_uploads/CPSC_RFO_Deviation_Part-47.pdf,232968
9053ebb71ada60f4_CPSC_RFO_Deviation_Part-48.pdf,9053ebb71ada60f4,CPSC_RFO_Deviation_Part-48.pdf,CPSC,48,0,https://www.acquisition.gov/sites/default/files/page_file_uploads/CPSC_RFO_Deviation_Part-48.pdf,218147
dcf182650b19e6e6_CPSC_RFO_Deviation_Part-49.pdf,dcf182650b19e6e6,CPSC_RFO_Deviation_Part-49.pdf,CPSC,49,0,https://www.acquisition.gov/sites/default/files/page_file_uploads/CPSC_RFO_Deviation_Part-49.pdf,200864
8d6966bc5f86da5f_CPSC_RFO_Deviation_Part-5.pdf,8d6966bc5f86da5f,CPSC_RFO_Deviation_Part-5.pdf,CPSC,5,0,https://www.acquisition.gov/sites/default/files/page_file_uploads/CPSC_RFO_Deviation_Part-5.pdf,219679
886fee053fb51033_CPSC_RFO_Deviation_Part-50.pdf,886fee053fb51033,CPSC_RFO_Deviation_Part-50.pdf,CPSC,50,0,https://www.acquisition.gov/sites/default/files/page_file_uploads/CPSC_RFO_Deviation_Part-50.pdf,250850
96585f29253c6984_CPSC_RFO_Deviation_Part-51.pdf,96585f29253c6984,CPSC_RFO_Deviation_Part-51.pdf,CPSC,51,0,https://www.acquisition.gov/sites/default/files/page_file_uploads/CPSC_RFO_Deviation_Part-51.pdf,196062
33b115c72c2da6db_CPSC_RFO_Deviation_Part-53.pdf,33b115c72c2da6db,CPSC_RFO_Deviation_Part-53.pdf,CPSC,53,0,https://www.acquisition.gov/sites/default/files/page_file_uploads/CPSC_RFO_Deviation_Part-53.pdf,253306
2ebabacd43480846_CPSC_RFO_Deviation_Part-6.pdf,2ebabacd43480846,CPSC_RFO_Deviation_Part-6.pdf,CPSC,6,0,https://www.acquisition.gov/sites/default/files/page_file_uploads/CPSC_RFO_Deviation_Part-6.pdf,246787
137109b6999d4353_CPSC_RFO_Deviation_Part-7.pdf,137109b6999d4353,CPSC_RFO_Deviation_Part-7.pdf,CPSC,7,0,https://www.acquisition.gov/sites/default/files/page_file_uploads/CPSC_RFO_Deviation_Part-7.pdf,226646
04e6db0fbf69c2f8_CPSC_RFO_Deviation_Part-8.pdf,04e6db0fbf69c2f8,CPSC_RFO_Deviation_Part-8.pdf,CPSC,8,0,https://www.acquisition.gov/sites/default/files/page_file_uploads/CPSC_RFO_Deviation_Part-8.pdf,260201
6650b6ca8eb296e4_CPSC_RFO_Deviation_Part-9.pdf,6650b6ca8eb296e4,CPSC_RFO_Deviation_Part-9.pdf,CPSC,9,0,https://www.acquisition.gov/sites/default/files/page_file_uploads/CPSC_RFO_Deviation_Part-9.pdf,205895
8804b54391c5af53_DHS_RFO_Deviation_Part-1.pdf,8804b54391c5af53,DHS_RFO_Deviation_Part-1.pdf,DHS,1,0,https://www.acquisition.gov/sites/default/files/page_file_uploads/DHS_RFO_Deviation_Part-1.pdf,456152
8967703694a99f5e_DHS_RFO_Deviation_Part-10_0.pdf,8967703694a99f5e,DHS_RFO_Deviation_Part-10_0.pdf,DHS,0,0,https://www.acquisition.gov/sites/default/files/page_file_uploads/DHS_RFO_Deviation_Part-10_0.pdf,423116
8967703694a99f5e_DHS_RFO_Deviation_Part-10_0.pdf,8967703694a99f5e,DHS_RFO_Deviation_Part-10_0.pdf,DHS,10,0,https://www.acquisition.gov/sites/default/files/page_file_uploads/DHS_RFO_Deviation_Part-10_0.pdf,423116
fa81f2d787819aea_DHS_RFO_Deviation_Part-11.pdf,fa81f2d787819aea,DHS_RFO_Deviation_Part-11.pdf,DHS,11,0,https://www.acquisition.gov/sites/default/files/page_file_uploads/DHS_RFO_Deviation_Part-11.pdf,435057
5ef6fb48e444d2f2_DHS_RFO_Deviation_Part-12.pdf,5ef6fb48e444d2f2,DHS_RFO_Deviation_Part-12.pdf,DHS,12,0,https://www.acquisition.gov/sites/default/files/page_file_uploads/DHS_RFO_Deviation_Part-12.pdf,421600
0d516c7134a77fa8_DHS_RFO_Deviation_Part-13.pdf,0d516c7134a77fa8,DHS_RFO_Deviation_Part-13.pdf,DHS,13,0,https://www.acquisition.gov/sites/default/files/page_file_uploads/DHS_RFO_Deviation_Part-13.pdf,359584
8e9e76aab6126262_DHS_RFO_Deviation_Part-14.pdf,8e9e76aab6126262,DHS_RFO_Deviation_Part-14.pdf,DHS,14,0,https://www.acquisition.gov/sites/default/files/page_file_uploads/DHS_RFO_Deviation_Part-14.pdf,444271
f15964b790bb9f43_DHS_RFO_Deviation_Part-15.pdf,f15964b790bb9f43,DHS_RFO_Deviation_Part-15.pdf,DHS,15,0,https://www.acquisition.gov/sites/default/files/page_file_uploads/DHS_RFO_Deviation_Part-15.pdf,618027
9ecbf3c756f8c852_DHS_RFO_Deviation_Part-16.pdf,9ecbf3c756f8c852,DHS_RFO_Deviation_Part-16.pdf,DHS,16,0,https://www.acquisition.gov/sites/default/files/page_file_uploads/DHS_RFO_Deviation_Part-16.pdf,400294
0be21b451deffeb9_DHS_RFO_Deviation_Part-17.pdf,0be21b451deffeb9,DHS_RFO_Deviation_Part-17.pdf,DHS,17,0,https://www.acquisition.gov/sites/default/files/page_file_uploads/DHS_RFO_Deviation_Part-17.pdf,379518
a2101bea2c05ac62_DHS_RFO_Deviation_Part-18.pdf,a2101bea2c05ac62,DHS_RFO_Deviation_Part-18.pdf,DHS,18,0,https://www.acquisition.gov/sites/default/files/page_file_uploads/DHS_RFO_Deviation_Part-18.pdf,394238
2c7ab3b2f372ef39_DHS_RFO_Deviation_Part-19.pdf,2c7ab3b2f372ef39,DHS_RFO_Deviation_Part-19.pdf,DHS,19,0,https://www.acquisition.gov/sites/default/files/page_file_uploads/DHS_RFO_Deviation_Part-19.pdf,605258
4b6b9c436361408b_DHS_RFO_Deviation_Part-22.pdf,4b6b9c436361408b,DHS_RFO_Deviation_Part-22.pdf,DHS,22,0,https://www.acquisition.gov/sites/default/files/page_file_uploads/DHS_RFO_Deviation_Part-22.pdf,796705
b5771d40334964a1_DHS_RFO_Deviation_Part-23.pdf,b5771d40334964a1,DHS_RFO_Deviation_Part-23.pdf,DHS,23,0,https://www.acquisition.gov/sites/default/files/page_file_uploads/DHS_RFO_Deviation_Part-23.pdf,382440
b184aa0ea03b6441_DHS_RFO_Deviation_Part-24.pdf,b184aa0ea03b6441,DHS_RFO_Deviation_Part-24.pdf,DHS,24,0,https://www.acquisition.gov/sites/default/files/page_file_uploads/DHS_RFO_Deviation_Part-24.pdf,253780
9ef5bc9eae02b811_DHS_RFO_Deviation_Part-25.pdf,9ef5bc9eae02b811,DHS_RFO_Deviation_Part-25.pdf,DHS,25,0,https://www.acquisition.gov/sites/default/files/page_file_uploads/DHS_RFO_Deviation_Part-25.pdf,604876
bd527014bb69a8ee_DHS_RFO_Deviation_Part-26.pdf,bd527014bb69a8ee,DHS_RFO_Deviation_Part-26.pdf,DHS,26,0,https://www.acquisition.gov/sites/default/files/page_file_uploads/DHS_RFO_Deviation_Part-26.pdf,345537
a53b64333fdad003_DHS_RFO_Deviation_Part-27.pdf,a53b64333fdad003,DHS_RFO_Deviation_Part-27.pdf,DHS,27,0,https://www.acquisition.gov/sites/default/files/page_file_uploads/DHS_RFO_Deviation_Part-27.pdf,343944
0fb510827dd2878c_DHS_RFO_Deviation_Part-28.pdf,0fb510827dd2878c,DHS_RFO_Deviation_Part-28.pdf,DHS,28,0,https://www.acquisition.gov/sites/default/files/page_file_uploads/DHS_RFO_Deviation_Part-28.pdf,296878
4f63fb18ec4373e6_DHS_RFO_Deviation_Part-29.pdf,4f63fb18ec4373e6,DHS_RFO_Deviation_Part-29.pdf,DHS,29,0,https://www.acquisition.gov/sites/default/files/page_file_uploads/DHS_RFO_Deviation_Part-29.pdf,499628
7fb69f2a6e75ec79_DHS_RFO_Deviation_Part-3.pdf,7fb69f2a6e75ec79,DHS_RFO_Deviation_Part-3.pdf,DHS,3,0,https://www.acquisition.gov/sites/default/files/page_file_uploads/DHS_RFO_Deviation_Part-3.pdf,288311
0a997a5a10d71f8d_DHS_RFO_Deviation_Part-30.pdf,0a997a5a10d71f8d,DHS_RFO_Deviation_Part-30.pdf,DHS,30,0,https://www.acquisition.gov/sites/default/files/page_file_uploads/DHS_RFO_Deviation_Part-30.pdf,440258
1701f46b912dc01f_DHS_RFO_Deviation_Part-31.pdf,1701f46b912dc01f,DHS_RFO_Deviation_Part-31.pdf,DHS,31,0,https://www.acquisition.gov/sites/default/files/page_file_uploads/DHS_RFO_Deviation_Part-31.pdf,370746
fea5fb4f9be33b6f_DHS_RFO_Deviation_Part-32.pdf,fea5fb4f9be33b6f,DHS_RFO_Deviation_Part-32.pdf,DHS,32,0,https://www.acquisition.gov/sites/default/files/page_file_uploads/DHS_RFO_Deviation_Part-32.pdf,474756
99282a1a92d4acc5_DHS_RFO_Deviation_Part-33.pdf,99282a1a92d4acc5,DHS_RFO_Deviation_Part-33.pdf,DHS,33,0,https://www.acquisition.gov/sites/default/files/page_file_uploads/DHS_RFO_Deviation_Part-33.pdf,345473
56ee09f1dcf0ae5d_DHS_RFO_Deviation_Part-34_0.pdf,56ee09f1dcf0ae5d,DHS_RFO_Deviation_Part-34_0.pdf,DHS,0,0,https://www.acquisition.gov/sites/default/files/page_file_uploads/DHS_RFO_Deviation_Part-34_0.pdf,433355
56ee09f1dcf0ae5d_DHS_RFO_Deviation_Part-34_0.pdf,56ee09f1dcf0ae5d,DHS_RFO_Deviation_Part-34_0.pdf,DHS,34,0,https://www.acquisition.gov/sites/default/files/page_file_uploads/DHS_RFO_Deviation_Part-34_0.pdf,433355
24237079ddc1da90_DHS_RFO_Deviation_Part-35.pdf,24237079ddc1da90,DHS_RFO_Deviation_Part-35.pdf,DHS,35,0,https://www.acquisition.gov/sites/default/files/page_file_uploads/DHS_RFO_Deviation_Part-35.pdf,312986
f8b26629079cd800_DHS_RFO_Deviation_Part-36.pdf,f8b26629079cd800,DHS_RFO_Deviation_Part-36.pdf,DHS,36,0,https://www.acquisition.gov/sites/default/files/page_file_uploads/DHS_RFO_Deviation_Part-36.pdf,592463
255dc6ca10b9fc78_DHS_RFO_Deviation_Part-37.pdf,255dc6ca10b9fc78,DHS_RFO_Deviation_Part-37.pdf,DHS,37,0,https://www.acquisition.gov/sites/default/files/page_file_uploads/DHS_RFO_Deviation_Part-37.pdf,380326
f3122d0350b0c0b7_DHS_RFO_Deviation_Part-38.pdf,f3122d0350b0c0b7,DHS_RFO_Deviation_Part-38.pdf,DHS,38,0,https://www.acquisition.gov/sites/default/files/page_file_uploads/DHS_RFO_Deviation_Part-38.pdf,252430
cfd3bb4c1938705a_DHS_RFO_Deviation_Part-39.pdf,cfd3bb4c1938705a,DHS_RFO_Deviation_Part-39.pdf,DHS,39,0,https://www.acquisition.gov/sites/default/files/page_file_uploads/DHS_RFO_Deviation_Part-39.pdf,299675
ff543657f4b54f46_DHS_RFO_Deviation_Part-4.pdf,ff543657f4b54f46,DHS_RFO_Deviation_Part-4.pdf,DHS,4,0,https://www.acquisition.gov/sites/default/files/page_file_uploads/DHS_RFO_Deviation_Part-4.pdf,512790
57688bc0c4727d55_DHS_RFO_Deviation_Part-40.pdf,57688bc0c4727d55,DHS_RFO_Deviation_Part-40.pdf,DHS,40,0,https://www.acquisition.gov/sites/default/files/page_file_uploads/DHS_RFO_Deviation_Part-40.pdf,454347
5910a6fd129f5cab_DHS_RFO_Deviation_Part-41.pdf,5910a6fd129f5cab,DHS_RFO_Deviation_Part-41.pdf,DHS,41,0,https://www.acquisition.gov/sites/default/files/page_file_uploads/DHS_RFO_Deviation_Part-41.pdf,280799
a47c7f07c6b1247f_DHS_RFO_Deviation_Part-42.pdf,a47c7f07c6b1247f,DHS_RFO_Deviation_Part-42.pdf,DHS,42,0,https://www.acquisition.gov/sites/default/files/page_file_uploads/DHS_RFO_Deviation_Part-42.pdf,317846
0dbd310a5f3c468e_DHS_RFO_Deviation_Part-43.pdf,0dbd310a5f3c468e,DHS_RFO_Deviation_Part-43.pdf,DHS,43,0,https://www.acquisition.gov/sites/default/files/page_file_uploads/DHS_RFO_Deviation_Part-43.pdf,395011
02d2677c7578c6bd_DHS_RFO_Deviation_Part-44.pdf,02d2677c7578c6bd,DHS_RFO_Deviation_Part-44.pdf,DHS,44,0,https://www.acquisition.gov/sites/default/files/page_file_uploads/DHS_RFO_Deviation_Part-44.pdf,336122
7c4a32ddea79ab3c_DHS_RFO_Deviation_Part-45.pdf,7c4a32ddea79ab3c,DHS_RFO_Deviation_Part-45.pdf,DHS,45,0,https://www.acquisition.gov/sites/default/files/page_file_uploads/DHS_RFO_Deviation_Part-45.pdf,270546
28f2497d3efbae70_DHS_RFO_Deviation_Part-46.pdf,28f2497d3efbae70,DHS_RFO_Deviation_Part-46.pdf,DHS,46,0,https://www.acquisition.gov/sites/default/files/page_file_uploads/DHS_RFO_Deviation_Part-46.pdf,263574
f7f8aa11f017bed4_DHS_RFO_Deviation_Part-47.pdf,f7f8aa11f017bed4,DHS_RFO_Deviation_Part-47.pdf,DHS,47,0,https://www.acquisition.gov/sites/default/files/page_file_uploads/DHS_RFO_Deviation_Part-47.pdf,329626
00c5a2b4b9dfbfaa_DHS_RFO_Deviation_Part-48.pdf,00c5a2b4b9dfbfaa,DHS_RFO_Deviation_Part-48.pdf,DHS,48,0,https://www.acquisition.gov/sites/default/files/page_file_uploads/DHS_RFO_Deviation_Part-48.pdf,292597
74ac9a3edbaae62e_DHS_RFO_Deviation_Part-49.pdf,74ac9a3edbaae62e,DHS_RFO_Deviation_Part-49.pdf,DHS,49,0,https://www.acquisition.gov/sites/default/files/page_file_uploads/DHS_RFO_Deviation_Part-49.pdf,301083
700e690bc513b6bb_DHS_RFO_Deviation_Part-5.pdf,700e690bc513b6bb,DHS_RFO_Deviation_Part-5.pdf,DHS,5,0,https://www.acquisition.gov/sites/default/files/page_file_uploads/DHS_RFO_Deviation_Part-5.pdf,297972
7d3c0b9899b31f29_DHS_RFO_Deviation_Part-50.pdf,7d3c0b9899b31f29,DHS_RFO_Deviation_Part-50.pdf,DHS,50,0,https://www.acquisition.gov/sites/default/files/page_file_uploads/DHS_RFO_Deviation_Part-50.pdf,227841
7ca775316f29b2a2_DHS_RFO_Deviation_Part-51.pdf,7ca775316f29b2a2,DHS_RFO_Deviation_Part-51.pdf,DHS,51,0,https://www.acquisition.gov/sites/default/files/page_file_uploads/DHS_RFO_Deviation_Part-51.pdf,257601
123e40c1bfc998af_DHS_RFO_Deviation_Part-53.pdf,123e40c1bfc998af,DHS_RFO_Deviation_Part-53.pdf,DHS,53,0,https://www.acquisition.gov/sites/default/files/page_file_uploads/DHS_RFO_Deviation_Part-53.pdf,299755
6c1955e3ebd8bcf1_DHS_RFO_Deviation_Part-6.pdf,6c1955e3ebd8bcf1,DHS_RFO_Deviation_Part-6.pdf,DHS,6,0,https://www.acquisition.gov/sites/default/files/page_file_uploads/DHS_RFO_Deviation_Part-6.pdf,291043
153e14fe5c684f0d_DHS_RFO_Deviation_Part-7.pdf,153e14fe5c684f0d,DHS_RFO_Deviation_Part-7.pdf,DHS,7,0,https://www.acquisition.gov/sites/default/files/page_file_uploads/DHS_RFO_Deviation_Part-7.pdf,293309
807b0cb0db4e0fd8_DHS_RFO_Deviation_Part-8.pdf,807b0cb0db4e0fd8,DHS_RFO_Deviation_Part-8.pdf,DHS,8,0,https://www.acquisition.gov/sites/default/files/page_file_uploads/DHS_RFO_Deviation_Part-8.pdf,302262
6469e96b6306e79a_DHS_RFO_Deviation_Part-9.pdf,6469e96b6306e79a,DHS_RFO_Deviation_Part-9.pdf,DHS,9,0,https://www.acquisition.gov/sites/default/files/page_file_uploads/DHS_RFO_Deviation_Part-9.pdf,294297
dc8435f76423e363_DOC_RFO_Deviation_Parts-1-53.pdf,dc8435f76423e363,DOC_RFO_Deviation_Parts-1-53.pdf,DOC,1,0,https://www.acquisition.gov/sites/default/files/page_file_uploads/DOC_RFO_Deviation_Parts-1-53.pdf,1027006
dc8435f76423e363_DOC_RFO_Deviation_Parts-1-53.pdf,dc8435f76423e363,DOC_RFO_Deviation_Parts-1-53.pdf,DOC,53,0,https://www.acquisition.gov/sites/default/files/page_file_uploads/DOC_RFO_Deviation_Parts-1-53.pdf,1027006
a2ff2d415e6ecc94_DOE_RFO_Deviation_Part-1.pdf,a2ff2d415e6ecc94,DOE_RFO_Deviation_Part-1.pdf,DOE,1,0,https://www.acquisition.gov/sites/default/files/page_file_uploads/DOE_RFO_Deviation_Part-1.pdf,282556
a117e977916811f6_DOE_RFO_Deviation_Part-10.pdf,a117e977916811f6,DOE_RFO_Deviation_Part-10.pdf,DOE,10,0,https://www.acquisition.gov/sites/default/files/page_file_uploads/DOE_RFO_Deviation_Part-10.pdf,1325936
f1aaf15c7d4c0ff0_DOE_RFO_Deviation_Part-11.pdf,f1aaf15c7d4c0ff0,DOE_RFO_Deviation_Part-11.pdf,DOE,11,0,https://www.acquisition.gov/sites/default/files/page_file_uploads/DOE_RFO_Deviation_Part-11.pdf,1295794
b41b65a715029d5a_DOE_RFO_Deviation_Part-13.pdf,b41b65a715029d5a,DOE_RFO_Deviation_Part-13.pdf,DOE,13,0,https://www.acquisition.gov/sites/default/files/page_file_uploads/DOE_RFO_Deviation_Part-13.pdf,1271016
8fdabbbc2dd0c413_DOE_RFO_Deviation_Part-14.pdf,8fdabbbc2dd0c413,DOE_RFO_Deviation_Part-14.pdf,DOE,14,0,https://www.acquisition.gov/sites/default/files/page_file_uploads/DOE_RFO_Deviation_Part-14.pdf,385387
a210be9277d0232f_DOE_RFO_Deviation_Part-34.pdf,a210be9277d0232f,DOE_RFO_Deviation_Part-34.pdf,DOE,34,0,https://www.acquisition.gov/sites/default/files/page_file_uploads/DOE_RFO_Deviation_Part-34.pdf,255778
6304af56376566c1_DOE_RFO_Deviation_Part-37.pdf,6304af56376566c1,DOE_RFO_Deviation_Part-37.pdf,DOE,37,0,https://www.acquisition.gov/sites/default/files/page_file_uploads/DOE_RFO_Deviation_Part-37.pdf,350805
b1b29d70f011e10b_DOE_RFO_Deviation_Part-41.pdf,b1b29d70f011e10b,DOE_RFO_Deviation_Part-41.pdf,DOE,41,0,https://www.acquisition.gov/sites/default/files/page_file_uploads/DOE_RFO_Deviation_Part-41.pdf,320483
fb8ce283a290cb32_DOE_RFO_Deviation_Part-42.pdf,fb8ce283a290cb32,DOE_RFO_Deviation_Part-42.pdf,DOE,42,0,https://www.acquisition.gov/sites/default/files/page_file_uploads/DOE_RFO_Deviation_Part-42.pdf,383779
41809a460022d1cd_DOE_RFO_Deviation_Part-43.pdf,41809a460022d1cd,DOE_RFO_Deviation_Part-43.pdf,DOE,43,0,https://www.acquisition.gov/sites/default/files/page_file_uploads/DOE_RFO_Deviation_Part-43.pdf,1315903
08a2daf2e75acf0e_DOE_RFO_Deviation_Part-47.pdf,08a2daf2e75acf0e,DOE_RFO_Deviation_Part-47.pdf,DOE,47,0,https://www.acquisition.gov/sites/default/files/page_file_uploads/DOE_RFO_Deviation_Part-47.pdf,367328
573e234fff71f5d4_DOE_RFO_Deviation_Part-49.pdf,573e234fff71f5d4,DOE_RFO_Deviation_Part-49.pdf,DOE,49,0,https://www.acquisition.gov/sites/default/files/page_file_uploads/DOE_RFO_Deviation_Part-49.pdf,1313120
af0e3d7d79d5cd83_DOE_RFO_Deviation_Part-53.pdf,af0e3d7d79d5cd83,DOE_RFO_Deviation_Part-53.pdf,DOE,53,0,https://www.acquisition.gov/sites/default/files/page_file_uploads/DOE_RFO_Deviation_Part-53.pdf,326659
f4e6c16cf5c2246c_DOE_RFO_Deviation_Part-6.pdf,f4e6c16cf5c2246c,DOE_RFO_Deviation_Part-6.pdf,DOE,6,0,https://www.acquisition.gov/sites/default/files/page_file_uploads/DOE_RFO_Deviation_Part-6.pdf,1336761
c3f166748b657ab5_DOI_RFO_Deviation_Part-1.pdf,c3f166748b657ab5,DOI_RFO_Deviation_Part-1.pdf,DOI,1,0,https://www.acquisition.gov/sites/default/files/page_file_uploads/DOI_RFO_Deviation_Part-1.pdf,208944
c55eb326386232b9_DOI_RFO_Deviation_Part-10.pdf,c55eb326386232b9,DOI_RFO_Deviation_Part-10.pdf,DOI,10,0,https://www.acquisition.gov/sites/default/files/page_file_uploads/DOI_RFO_Deviation_Part-10.pdf,198175
e6b2ab6253953302_DOI_RFO_Deviation_Part-11.pdf,e6b2ab6253953302,DOI_RFO_Deviation_Part-11.pdf,DOI,11,0,https://www.acquisition.gov/sites/default/files/page_file_uploads/DOI_RFO_Deviation_Part-11.pdf,291297
a99e22080acf08ea_DOI_RFO_Deviation_Part-12.pdf,a99e22080acf08ea,DOI_RFO_Deviation_Part-12.pdf,DOI,12,0,https://www.acquisition.gov/sites/default/files/page_file_uploads/DOI_RFO_Deviation_Part-12.pdf,308849
9ad98d67ee648853_DOI_RFO_Deviation_Part-13.pdf,9ad98d67ee648853,DOI_RFO_Deviation_Part-13.pdf,DOI,13,0,https://www.acquisition.gov/sites/default/files/page_file_uploads/DOI_RFO_Deviation_Part-13.pdf,307571
3dfa36773818ad7a_DOI_RFO_Deviation_Part-18.pdf,3dfa36773818ad7a,DOI_RFO_Deviation_Part-18.pdf,DOI,18,0,https://www.acquisition.gov/sites/default/files/page_file_uploads/DOI_RFO_Deviation_Part-18.pdf,277868
ff938ab5050c5b05_DOI_RFO_Deviation_Part-19.pdf,ff938ab5050c5b05,DOI_RFO_Deviation_Part-19.pdf,DOI,19,0,https://www.acquisition.gov/sites/default/files/page_file_uploads/DOI_RFO_Deviation_Part-19.pdf,127467
d87d1b4b4ba88694_DOI_RFO_Deviation_Part-26.pdf,d87d1b4b4ba88694,DOI_RFO_Deviation_Part-26.pdf,DOI,26,0,https://www.acquisition.gov/sites/default/files/page_file_uploads/DOI_RFO_Deviation_Part-26.pdf,127826
d0262aa69cbe387f_DOI_RFO_Deviation_Part-34.pdf,d0262aa69cbe387f,DOI_RFO_Deviation_Part-34.pdf,DOI,34,0,https://www.acquisition.gov/sites/default/files/page_file_uploads/DOI_RFO_Deviation_Part-34.pdf,195198
837ffcd24a741185_DOI_RFO_Deviation_Part-35.pdf,837ffcd24a741185,DOI_RFO_Deviation_Part-35.pdf,DOI,35,0,https://www.acquisition.gov/sites/default/files/page_file_uploads/DOI_RFO_Deviation_Part-35.pdf,125077
fe0deac50e6125d8_DOI_RFO_Deviation_Part-36.pdf,fe0deac50e6125d8,DOI_RFO_Deviation_Part-36.pdf,DOI,36,0,https://www.acquisition.gov/sites/default/files/page_file_uploads/DOI_RFO_Deviation_Part-36.pdf,128365
972e576a4a580f03_DOI_RFO_Deviation_Part-38.pdf,972e576a4a580f03,DOI_RFO_Deviation_Part-38.pdf,DOI,38,0,https://www.acquisition.gov/sites/default/files/page_file_uploads/DOI_RFO_Deviation_Part-38.pdf,118240
9fcdfa80d114a2f9_DOI_RFO_Deviation_Part-39.pdf,9fcdfa80d114a2f9,DOI_RFO_Deviation_Part-39.pdf,DOI,39,0,https://www.acquisition.gov/sites/default/files/page_file_uploads/DOI_RFO_Deviation_Part-39.pdf,284882
1cbf50da4ea60740_DOI_RFO_Deviation_Part-4.pdf,1cbf50da4ea60740,DOI_RFO_Deviation_Part-4.pdf,DOI,4,0,https://www.acquisition.gov/sites/default/files/page_file_uploads/DOI_RFO_Deviation_Part-4.pdf,307000
c4faf0f27ed997ee_DOI_RFO_Deviation_Part-40.pdf,c4faf0f27ed997ee,DOI_RFO_Deviation_Part-40.pdf,DOI,40,0,https://www.acquisition.gov/sites/default/files/page_file_uploads/DOI_RFO_Deviation_Part-40.pdf,309173
dbedfe07dd8e7b63_DOI_RFO_Deviation_Part-43.pdf,dbedfe07dd8e7b63,DOI_RFO_Deviation_Part-43.pdf,DOI,43,0,https://www.acquisition.gov/sites/default/files/page_file_uploads/DOI_RFO_Deviation_Part-43.pdf,293164
98aa66f359934f56_DOI_RFO_Deviation_Part-5.pdf,98aa66f359934f56,DOI_RFO_Deviation_Part-5.pdf,DOI,5,0,https://www.acquisition.gov/sites/default/files/page_file_uploads/DOI_RFO_Deviation_Part-5.pdf,137720
dc245b05f939e4c3_DOI_RFO_Deviation_Part-50.pdf,dc245b05f939e4c3,DOI_RFO_Deviation_Part-50.pdf,DOI,50,0,https://www.acquisition.gov/sites/default/files/page_file_uploads/DOI_RFO_Deviation_Part-50.pdf,126465
8aa96574fb0f0108_DOI_RFO_Deviation_Part-51.pdf,8aa96574fb0f0108,DOI_RFO_Deviation_Part-51.pdf,DOI,51,0,https://www.acquisition.gov/sites/default/files/page_file_uploads/DOI_RFO_Deviation_Part-51.pdf,127381
e891ba597f35ffcf_DOI_RFO_Deviation_Part-8.pdf,e891ba597f35ffcf,DOI_RFO_Deviation_Part-8.pdf,DOI,8,0,https://www.acquisition.gov/sites/default/files/page_file_uploads/DOI_RFO_Deviation_Part-8.pdf,132791
86d409c32fbb529a_DOJ_RFO_Deviation_Part-10.pdf,86d409c32fbb529a,DOJ_RFO_Deviation_Part-10.pdf,DOJ,10,0,https://www.acquisition.gov/sites/default/files/page_file_uploads/DOJ_RFO_Deviation_Part-10.pdf,316931
287080d98bd1373a_DOJ_RFO_Deviation_Part-11.pdf,287080d98bd1373a,DOJ_RFO_Deviation_Part-11.pdf,DOJ,11,0,https://www.acquisition.gov/sites/default/files/page_file_uploads/DOJ_RFO_Deviation_Part-11.pdf,308170
53e18846842aecdb_DOJ_RFO_Deviation_Part-12.pdf,53e18846842aecdb,DOJ_RFO_Deviation_Part-12.pdf,DOJ,12,0,https://www.acquisition.gov/sites/default/files/page_file_uploads/DOJ_RFO_Deviation_Part-12.pdf,309326
4d000349d82314f0_DOJ_RFO_Deviation_Part-13.pdf,4d000349d82314f0,DOJ_RFO_Deviation_Part-13.pdf,DOJ,13,0,https://www.acquisition.gov/sites/default/files/page_file_uploads/DOJ_RFO_Deviation_Part-13.pdf,361183
f324382dc36bccfe_DOJ_RFO_Deviation_Part-14.pdf,f324382dc36bccfe,DOJ_RFO_Deviation_Part-14.pdf,DOJ,14,0,https://www.acquisition.gov/sites/default/files/page_file_uploads/DOJ_RFO_Deviation_Part-14.pdf,314378
552e80224857097c_DOJ_RFO_Deviation_Part-15.pdf,552e80224857097c,DOJ_RFO_Deviation_Part-15.pdf,DOJ,15,0,https://www.acquisition.gov/sites/default/files/page_file_uploads/DOJ_RFO_Deviation_Part-15.pdf,396221
f89c1b45694d8e49_DOJ_RFO_Deviation_Part-16.pdf,f89c1b45694d8e49,DOJ_RFO_Deviation_Part-16.pdf,DOJ,16,0,https://www.acquisition.gov/sites/default/files/page_file_uploads/DOJ_RFO_Deviation_Part-16.pdf,371409
9c9f7e5efecd2956_DOJ_RFO_Deviation_Part-17.pdf,9c9f7e5efecd2956,DOJ_RFO_Deviation_Part-17.pdf,DOJ,17,0,https://www.acquisition.gov/sites/default/files/page_file_uploads/DOJ_RFO_Deviation_Part-17.pdf,347565
291f3a648bc86ae2_DOJ_RFO_Deviation_Part-18.pdf,291f3a648bc86ae2,DOJ_RFO_Deviation_Part-18.pdf,DOJ,18,0,https://www.acquisition.gov/sites/default/files/page_file_uploads/DOJ_RFO_Deviation_Part-18.pdf,887901
7d8c3639d42a502e_DOJ_RFO_Deviation_Part-19.pdf,7d8c3639d42a502e,DOJ_RFO_Deviation_Part-19.pdf,DOJ,19,0,https://www.acquisition.gov/sites/default/files/page_file_uploads/DOJ_RFO_Deviation_Part-19.pdf,343291
281e80f87da6f355_DOJ_RFO_Deviation_Part-1_0.pdf,281e80f87da6f355,DOJ_RFO_Deviation_Part-1_0.pdf,DOJ,0,0,https://www.acquisition.gov/sites/default/files/page_file_uploads/DOJ_RFO_Deviation_Part-1_0.pdf,297384
281e80f87da6f355_DOJ_RFO_Deviation_Part-1_0.pdf,281e80f87da6f355,DOJ_RFO_Deviation_Part-1_0.pdf,DOJ,1,0,https://www.acquisition.gov/sites/default/files/page_file_uploads/DOJ_RFO_Deviation_Part-1_0.pdf,297384
e8c0f808c05daf97_DOJ_RFO_Deviation_Part-22.pdf,e8c0f808c05daf97,DOJ_RFO_Deviation_Part-22.pdf,DOJ,22,0,https://www.acquisition.gov/sites/default/files/page_file_uploads/DOJ_RFO_Deviation_Part-22.pdf,321815
24dcd17e5ff43754_DOJ_RFO_Deviation_Part-23.pdf,24dcd17e5ff43754,DOJ_RFO_Deviation_Part-23.pdf,DOJ,23,0,https://www.acquisition.gov/sites/default/files/page_file_uploads/DOJ_RFO_Deviation_Part-23.pdf,387481
57c7ffb2e97b60be_DOJ_RFO_Deviation_Part-24.pdf,57c7ffb2e97b60be,DOJ_RFO_Deviation_Part-24.pdf,DOJ,24,0,https://www.acquisition.gov/sites/default/files/page_file_uploads/DOJ_RFO_Deviation_Part-24.pdf,884264
de4133544044f08a_DOJ_RFO_Deviation_Part-25.pdf,de4133544044f08a,DOJ_RFO_Deviation_Part-25.pdf,DOJ,25,0,https://www.acquisition.gov/sites/default/files/page_file_uploads/DOJ_RFO_Deviation_Part-25.pdf,395228
afa7da2203008b3b_DOJ_RFO_Deviation_Part-26.pdf,afa7da2203008b3b,DOJ_RFO_Deviation_Part-26.pdf,DOJ,26,0,https://www.acquisition.gov/sites/default/files/page_file_uploads/DOJ_RFO_Deviation_Part-26.pdf,331242
1f901bbf4be2a175_DOJ_RFO_Deviation_Part-27.pdf,1f901bbf4be2a175,DOJ_RFO_Deviation_Part-27.pdf,DOJ,27,0,https://www.acquisition.gov/sites/default/files/page_file_uploads/DOJ_RFO_Deviation_Part-27.pdf,936318
d53a649c2dbdf574_DOJ_RFO_Deviation_Part-28.pdf,d53a649c2dbdf574,DOJ_RFO_Deviation_Part-28.pdf,DOJ,28,0,https://www.acquisition.gov/sites/default/files/page_file_uploads/DOJ_RFO_Deviation_Part-28.pdf,329642
1d066e3a7099bf12_DOJ_RFO_Deviation_Part-29.pdf,1d066e3a7099bf12,DOJ_RFO_Deviation_Part-29.pdf,DOJ,29,0,https://www.acquisition.gov/sites/default/files/page_file_uploads/DOJ_RFO_Deviation_Part-29.pdf,356668
68697383a27b3c46_DOJ_RFO_Deviation_Part-3.pdf,68697383a27b3c46,DOJ_RFO_Deviation_Part-3.pdf,DOJ,3,0,https://www.acquisition.gov/sites/default/files/page_file_uploads/DOJ_RFO_Deviation_Part-3.pdf,328555
c80d36b93f81a541_DOJ_RFO_Deviation_Part-30.pdf,c80d36b93f81a541,DOJ_RFO_Deviation_Part-30.pdf,DOJ,30,0,https://www.acquisition.gov/sites/default/files/page_file_uploads/DOJ_RFO_Deviation_Part-30.pdf,314366
97bed7c8b8784296_DOJ_RFO_Deviation_Part-31.pdf,97bed7c8b8784296,DOJ_RFO_Deviation_Part-31.pdf,DOJ,31,0,https://www.acquisition.gov/sites/default/files/page_file_uploads/DOJ_RFO_Deviation_Part-31.pdf,314590
9bba5c1a91ebb561_DOJ_RFO_Deviation_Part-32.pdf,9bba5c1a91ebb561,DOJ_RFO_Deviation_Part-32.pdf,DOJ,32,0,https://www.acquisition.gov/sites/default/files/page_file_uploads/DOJ_RFO_Deviation_Part-32.pdf,356241
b0e3c0423eb31983_DOJ_RFO_Deviation_Part-33.pdf,b0e3c0423eb31983,DOJ_RFO_Deviation_Part-33.pdf,DOJ,33,0,https://www.acquisition.gov/sites/default/files/page_file_uploads/DOJ_RFO_Deviation_Part-33.pdf,360513
1a31454102ebb018_DOJ_RFO_Deviation_Part-34_0.pdf,1a31454102ebb018,DOJ_RFO_Deviation_Part-34_0.pdf,DOJ,0,0,https://www.acquisition.gov/sites/default/files/page_file_uploads/DOJ_RFO_Deviation_Part-34_0.pdf,279716
1a31454102ebb018_DOJ_RFO_Deviation_Part-34_0.pdf,1a31454102ebb018,DOJ_RFO_Deviation_Part-34_0.pdf,DOJ,34,0,https://www.acquisition.gov/sites/default/files/page_file_uploads/DOJ_RFO_Deviation_Part-34_0.pdf,279716
22397de3c86a062f_DOJ_RFO_Deviation_Part-35.pdf,22397de3c86a062f,DOJ_RFO_Deviation_Part-35.pdf,DOJ,35,0,https://www.acquisition.gov/sites/default/files/page_file_uploads/DOJ_RFO_Deviation_Part-35.pdf,385453
c7f50f4f2d6cf549_DOJ_RFO_Deviation_Part-36.pdf,c7f50f4f2d6cf549,DOJ_RFO_Deviation_Part-36.pdf,DOJ,36,0,https://www.acquisition.gov/sites/default/files/page_file_uploads/DOJ_RFO_Deviation_Part-36.pdf,334787
83e762215b1c208b_DOJ_RFO_Deviation_Part-37.pdf,83e762215b1c208b,DOJ_RFO_Deviation_Part-37.pdf,DOJ,37,0,https://www.acquisition.gov/sites/default/files/page_file_uploads/DOJ_RFO_Deviation_Part-37.pdf,347777
fd633c017166b8bd_DOJ_RFO_Deviation_Part-38.pdf,fd633c017166b8bd,DOJ_RFO_Deviation_Part-38.pdf,DOJ,38,0,https://www.acquisition.gov/sites/default/files/page_file_uploads/DOJ_RFO_Deviation_Part-38.pdf,266341
538b4b2b885c9e4f_DOJ_RFO_Deviation_Part-39.pdf,538b4b2b885c9e4f,DOJ_RFO_Deviation_Part-39.pdf,DOJ,39,0,https://www.acquisition.gov/sites/default/files/page_file_uploads/DOJ_RFO_Deviation_Part-39.pdf,304084
73a1887fa2cdf4f1_DOJ_RFO_Deviation_Part-4.pdf,73a1887fa2cdf4f1,DOJ_RFO_Deviation_Part-4.pdf,DOJ,4,0,https://www.acquisition.gov/sites/default/files/page_file_uploads/DOJ_RFO_Deviation_Part-4.pdf,389222
fd9e11d93acb2f85_DOJ_RFO_Deviation_Part-40.pdf,fd9e11d93acb2f85,DOJ_RFO_Deviation_Part-40.pdf,DOJ,40,0,https://www.acquisition.gov/sites/default/files/page_file_uploads/DOJ_RFO_Deviation_Part-40.pdf,344889
79437d20f53accac_DOJ_RFO_Deviation_Part-41.pdf,79437d20f53accac,DOJ_RFO_Deviation_Part-41.pdf,DOJ,41,0,https://www.acquisition.gov/sites/default/files/page_file_uploads/DOJ_RFO_Deviation_Part-41.pdf,250112
cac90e8310e0659c_DOJ_RFO_Deviation_Part-42.pdf,cac90e8310e0659c,DOJ_RFO_Deviation_Part-42.pdf,DOJ,42,0,https://www.acquisition.gov/sites/default/files/page_file_uploads/DOJ_RFO_Deviation_Part-42.pdf,345807
8c4863e6e8eaabba_DOJ_RFO_Deviation_Part-43.pdf,8c4863e6e8eaabba,DOJ_RFO_Deviation_Part-43.pdf,DOJ,43,0,https://www.acquisition.gov/sites/default/files/page_file_uploads/DOJ_RFO_Deviation_Part-43.pdf,895017
9a141ea68f17adec_DOJ_RFO_Deviation_Part-44.pdf,9a141ea68f17adec,DOJ_RFO_Deviation_Part-44.pdf,DOJ,44,0,https://www.acquisition.gov/sites/default/files/page_file_uploads/DOJ_RFO_Deviation_Part-44.pdf,334668
68a1d15956bef127_DOJ_RFO_Deviation_Part-45.pdf,68a1d15956bef127,DOJ_RFO_Deviation_Part-45.pdf,DOJ,45,0,https://www.acquisition.gov/sites/default/files/page_file_uploads/DOJ_RFO_Deviation_Part-45.pdf,333288
e9230166b6c24ef1_DOJ_RFO_Deviation_Part-46.pdf,e9230166b6c24ef1,DOJ_RFO_Deviation_Part-46.pdf,DOJ,46,0,https://www.acquisition.gov/sites/default/files/page_file_uploads/DOJ_RFO_Deviation_Part-46.pdf,329661
889ea62577b3dfea_DOJ_RFO_Deviation_Part-47.pdf,889ea62577b3dfea,DOJ_RFO_Deviation_Part-47.pdf,DOJ,47,0,https://www.acquisition.gov/sites/default/files/page_file_uploads/DOJ_RFO_Deviation_Part-47.pdf,344620
145da753818a5241_DOJ_RFO_Deviation_Part-48.pdf,145da753818a5241,DOJ_RFO_Deviation_Part-48.pdf,DOJ,48,0,https://www.acquisition.gov/sites/default/files/page_file_uploads/DOJ_RFO_Deviation_Part-48.pdf,331901
a2c9bfe5ed7f1474_DOJ_RFO_Deviation_Part-49.pdf,a2c9bfe5ed7f1474,DOJ_RFO_Deviation_Part-49.pdf,DOJ,49,0,https://www.acquisition.gov/sites/default/files/page_file_uploads/DOJ_RFO_Deviation_Part-49.pdf,342332
bca2cfc9f462e680_DOJ_RFO_Deviation_Part-5.pdf,bca2cfc9f462e680,DOJ_RFO_Deviation_Part-5.pdf,DOJ,5,0,https://www.acquisition.gov/sites/default/files/page_file_uploads/DOJ_RFO_Deviation_Part-5.pdf,330845
8f66f3239c6d299f_DOJ_RFO_Deviation_Part-50.pdf,8f66f3239c6d299f,DOJ_RFO_Deviation_Part-50.pdf,DOJ,50,0,https://www.acquisition.gov/sites/default/files/page_file_uploads/DOJ_RFO_Deviation_Part-50.pdf,328211
00ed2ef218b48775_DOJ_RFO_Deviation_Part-51.pdf,00ed2ef218b48775,DOJ_RFO_Deviation_Part-51.pdf,DOJ,51,0,https://www.acquisition.gov/sites/default/files/page_file_uploads/DOJ_RFO_Deviation_Part-51.pdf,667333
a6a242b78e156391_DOJ_RFO_Deviation_Part-53.pdf,a6a242b78e156391,DOJ_RFO_Deviation_Part-53.pdf,DOJ,53,0,https://www.acquisition.gov/sites/default/files/page_file_uploads/DOJ_RFO_Deviation_Part-53.pdf,296648
567683ed6102f5c1_DOJ_RFO_Deviation_Part-6.pdf,567683ed6102f5c1,DOJ_RFO_Deviation_Part-6.pdf,DOJ,6,0,https://www.acquisition.gov/sites/default/files/page_file_uploads/DOJ_RFO_Deviation_Part-6.pdf,329696
90f1a911c65b8f92_DOJ_RFO_Deviation_Part-7.pdf,90f1a911c65b8f92,DOJ_RFO_Deviation_Part-7.pdf,DOJ,7,0,https://www.acquisition.gov/sites/default/files/page_file_uploads/DOJ_RFO_Deviation_Part-7.pdf,343476
0fd1d772f7c0ef95_DOJ_RFO_Deviation_Part-8_v2.pdf,0fd1d772f7c0ef95,DOJ_RFO_Deviation_Part-8_v2.pdf,DOJ,8,0,https://www.acquisition.gov/sites/default/files/page_file_uploads/DOJ_RFO_Deviation_Part-8_v2.pdf,920265
d78ad8c40066a9e0_DOJ_RFO_Deviation_Part-9.pdf,d78ad8c40066a9e0,DOJ_RFO_Deviation_Part-9.pdf,DOJ,9,0,https://www.acquisition.gov/sites/default/files/page_file_uploads/DOJ_RFO_Deviation_Part-9.pdf,313042
106cf3b13c8b6f3e_DOL_RFO_Deviation_Part-1.pdf,106cf3b13c8b6f3e,DOL_RFO_Deviation_Part-1.pdf,DOL,1,0,https://www.acquisition.gov/sites/default/files/page_file_uploads/DOL_RFO_Deviation_Part-1.pdf,275719
c0bca19830128fb9_DOL_RFO_Deviation_Part-10.pdf,c0bca19830128fb9,DOL_RFO_Deviation_Part-10.pdf,DOL,10,0,https://www.acquisition.gov/sites/default/files/page_file_uploads/DOL_RFO_Deviation_Part-10.pdf,325808
83ec9812b98089c7_DOL_RFO_Deviation_Part-11.pdf,83ec9812b98089c7,DOL_RFO_Deviation_Part-11.pdf,DOL,11,0,https://www.acquisition.gov/sites/default/files/page_file_uploads/DOL_RFO_Deviation_Part-11.pdf,586951
24a54182077c89dd_DOL_RFO_Deviation_Part-12.pdf,24a54182077c89dd,DOL_RFO_Deviation_Part-12.pdf,DOL,12,0,https://www.acquisition.gov/sites/default/files/page_file_uploads/DOL_RFO_Deviation_Part-12.pdf,421135
b77e294b6a8eafc8_DOL_RFO_Deviation_Part-13.pdf,b77e294b6a8eafc8,DOL_RFO_Deviation_Part-13.pdf,DOL,13,0,https://www.acquisition.gov/sites/default/files/page_file_uploads/DOL_RFO_Deviation_Part-13.pdf,474782
35912498f17617cf_DOL_RFO_Deviation_Part-14.pdf,35912498f17617cf,DOL_RFO_Deviation_Part-14.pdf,DOL,14,0,https://www.acquisition.gov/sites/default/files/page_file_uploads/DOL_RFO_Deviation_Part-14.pdf,377488
9c6140b5b235c5f3_DOL_RFO_Deviation_Part-15.pdf,9c6140b5b235c5f3,DOL_RFO_Deviation_Part-15.pdf,DOL,15,0,https://www.acquisition.gov/sites/default/files/page_file_uploads/DOL_RFO_Deviation_Part-15.pdf,414129
870653fab341d556_DOL_RFO_Deviation_Part-16.pdf,870653fab341d556,DOL_RFO_Deviation_Part-16.pdf,DOL,16,0,https://www.acquisition.gov/sites/default/files/page_file_uploads/DOL_RFO_Deviation_Part-16.pdf,408130
ac68c53d94f4e233_DOL_RFO_Deviation_Part-17.pdf,ac68c53d94f4e233,DOL_RFO_Deviation_Part-17.pdf,DOL,17,0,https://www.acquisition.gov/sites/default/files/page_file_uploads/DOL_RFO_Deviation_Part-17.pdf,374183
9fc7afbdb0c32a3f_DOL_RFO_Deviation_Part-18.pdf,9fc7afbdb0c32a3f,DOL_RFO_Deviation_Part-18.pdf,DOL,18,0,https://www.acquisition.gov/sites/default/files/page_file_uploads/DOL_RFO_Deviation_Part-18.pdf,542434
c54eae38e00ed886_DOL_RFO_Deviation_Part-19.pdf,c54eae38e00ed886,DOL_RFO_Deviation_Part-19.pdf,DOL,19,0,https://www.acquisition.gov/sites/default/files/page_file_uploads/DOL_RFO_Deviation_Part-19.pdf,397587
81eb70285124c52f_DOL_RFO_Deviation_Part-22.pdf,81eb70285124c52f,DOL_RFO_Deviation_Part-22.pdf,DOL,22,0,https://www.acquisition.gov/sites/default/files/page_file_uploads/DOL_RFO_Deviation_Part-22.pdf,381726
b9408d3867341a30_DOL_RFO_Deviation_Part-23.pdf,b9408d3867341a30,DOL_RFO_Deviation_Part-23.pdf,DOL,23,0,https://www.acquisition.gov/sites/default/files/page_file_uploads/DOL_RFO_Deviation_Part-23.pdf,406950
a22b477c9ebb8d80_DOL_RFO_Deviation_Part-24.pdf,a22b477c9ebb8d80,DOL_RFO_Deviation_Part-24.pdf,DOL,24,0,https://www.acquisition.gov/sites/default/files/page_file_uploads/DOL_RFO_Deviation_Part-24.pdf,320305
4e09009a3fe0b65a_DOL_RFO_Deviation_Part-25.pdf,4e09009a3fe0b65a,DOL_RFO_Deviation_Part-25.pdf,DOL,25,0,https://www.acquisition.gov/sites/default/files/page_file_uploads/DOL_RFO_Deviation_Part-25.pdf,414366
2cb301c9d8ea40a4_DOL_RFO_Deviation_Part-26.pdf,2cb301c9d8ea40a4,DOL_RFO_Deviation_Part-26.pdf,DOL,26,0,https://www.acquisition.gov/sites/default/files/page_file_uploads/DOL_RFO_Deviation_Part-26.pdf,407158
063df6f38e2f1ca0_DOL_RFO_Deviation_Part-27.pdf,063df6f38e2f1ca0,DOL_RFO_Deviation_Part-27.pdf,DOL,27,0,https://www.acquisition.gov/sites/default/files/page_file_uploads/DOL_RFO_Deviation_Part-27.pdf,385520
683520736dcec071_DOL_RFO_Deviation_Part-28.pdf,683520736dcec071,DOL_RFO_Deviation_Part-28.pdf,DOL,28,0,https://www.acquisition.gov/sites/default/files/page_file_uploads/DOL_RFO_Deviation_Part-28.pdf,342044
9d8baf7f2d47d748_DOL_RFO_Deviation_Part-29.pdf,9d8baf7f2d47d748,DOL_RFO_Deviation_Part-29.pdf,DOL,29,0,https://www.acquisition.gov/sites/default/files/page_file_uploads/DOL_RFO_Deviation_Part-29.pdf,365741
fc5bbd005b841473_DOL_RFO_Deviation_Part-3.pdf,fc5bbd005b841473,DOL_RFO_Deviation_Part-3.pdf,DOL,3,0,https://www.acquisition.gov/sites/default/files/page_file_uploads/DOL_RFO_Deviation_Part-3.pdf,387835
3319350318994900_DOL_RFO_Deviation_Part-30.pdf,3319350318994900,DOL_RFO_Deviation_Part-30.pdf,DOL,30,0,https://www.acquisition.gov/sites/default/files/page_file_uploads/DOL_RFO_Deviation_Part-30.pdf,378378
938c7ae70212781a_DOL_RFO_Deviation_Part-31.pdf,938c7ae70212781a,DOL_RFO_Deviation_Part-31.pdf,DOL,31,0,https://www.acquisition.gov/sites/default/files/page_file_uploads/DOL_RFO_Deviation_Part-31.pdf,278874
2b0e2785a4e47702_DOL_RFO_Deviation_Part-32.pdf,2b0e2785a4e47702,DOL_RFO_Deviation_Part-32.pdf,DOL,32,0,https://www.acquisition.gov/sites/default/files/page_file_uploads/DOL_RFO_Deviation_Part-32.pdf,375953
0a227250d1b8d60f_DOL_RFO_Deviation_Part-33.pdf,0a227250d1b8d60f,DOL_RFO_Deviation_Part-33.pdf,DOL,33,0,https://www.acquisition.gov/sites/default/files/page_file_uploads/DOL_RFO_Deviation_Part-33.pdf,352223
909767383a805ad9_DOL_RFO_Deviation_Part-34.pdf,909767383a805ad9,DOL_RFO_Deviation_Part-34.pdf,DOL,34,0,https://www.acquisition.gov/sites/default/files/page_file_uploads/DOL_RFO_Deviation_Part-34.pdf,274000
a055b194e221e476_DOL_RFO_Deviation_Part-35.pdf,a055b194e221e476,DOL_RFO_Deviation_Part-35.pdf,DOL,35,0,https://www.acquisition.gov/sites/default/files/page_file_uploads/DOL_RFO_Deviation_Part-35.pdf,374468
ac1d3f62a45ffe6f_DOL_RFO_Deviation_Part-36.pdf,ac1d3f62a45ffe6f,DOL_RFO_Deviation_Part-36.pdf,DOL,36,0,https://www.acquisition.gov/sites/default/files/page_file_uploads/DOL_RFO_Deviation_Part-36.pdf,389779
17220546f359ac98_DOL_RFO_Deviation_Part-37.pdf,17220546f359ac98,DOL_RFO_Deviation_Part-37.pdf,DOL,37,0,https://www.acquisition.gov/sites/default/files/page_file_uploads/DOL_RFO_Deviation_Part-37.pdf,394082
fca4214d8104f98f_DOL_RFO_Deviation_Part-38.pdf,fca4214d8104f98f,DOL_RFO_Deviation_Part-38.pdf,DOL,38,0,https://www.acquisition.gov/sites/default/files/page_file_uploads/DOL_RFO_Deviation_Part-38.pdf,340266
b470e5cbd1781461_DOL_RFO_Deviation_Part-39.pdf,b470e5cbd1781461,DOL_RFO_Deviation_Part-39.pdf,DOL,39,0,https://www.acquisition.gov/sites/default/files/page_file_uploads/DOL_RFO_Deviation_Part-39.pdf,542865
d50415e34632cdac_DOL_RFO_Deviation_Part-4.pdf,d50415e34632cdac,DOL_RFO_Deviation_Part-4.pdf,DOL,4,0,https://www.acquisition.gov/sites/default/files/page_file_uploads/DOL_RFO_Deviation_Part-4.pdf,448395
f059a51cebefee7e_DOL_RFO_Deviation_Part-40.pdf,f059a51cebefee7e,DOL_RFO_Deviation_Part-40.pdf,DOL,40,0,https://www.acquisition.gov/sites/default/files/page_file_uploads/DOL_RFO_Deviation_Part-40.pdf,389917
c652966b33b1ea69_DOL_RFO_Deviation_Part-41.pdf,c652966b33b1ea69,DOL_RFO_Deviation_Part-41.pdf,DOL,41,0,https://www.acquisition.gov/sites/default/files/page_file_uploads/DOL_RFO_Deviation_Part-41.pdf,343225
d0c352371695b8f9_DOL_RFO_Deviation_Part-42.pdf,d0c352371695b8f9,DOL_RFO_Deviation_Part-42.pdf,DOL,42,0,https://www.acquisition.gov/sites/default/files/page_file_uploads/DOL_RFO_Deviation_Part-42.pdf,387430
e3ce9658a024b3d9_DOL_RFO_Deviation_Part-43.pdf,e3ce9658a024b3d9,DOL_RFO_Deviation_Part-43.pdf,DOL,43,0,https://www.acquisition.gov/sites/default/files/page_file_uploads/DOL_RFO_Deviation_Part-43.pdf,492371
8fcb261678725609_DOL_RFO_Deviation_Part-44.pdf,8fcb261678725609,DOL_RFO_Deviation_Part-44.pdf,DOL,44,0,https://www.acquisition.gov/sites/default/files/page_file_uploads/DOL_RFO_Deviation_Part-44.pdf,351565
6738dbb16626c6ee_DOL_RFO_Deviation_Part-45.pdf,6738dbb16626c6ee,DOL_RFO_Deviation_Part-45.pdf,DOL,45,0,https://www.acquisition.gov/sites/default/files/page_file_uploads/DOL_RFO_Deviation_Part-45.pdf,334791
f148033724e631e0_DOL_RFO_Deviation_Part-46.pdf,f148033724e631e0,DOL_RFO_Deviation_Part-46.pdf,DOL,46,0,https://www.acquisition.gov/sites/default/files/page_file_uploads/DOL_RFO_Deviation_Part-46.pdf,346852
2e9ed50d4be5893c_DOL_RFO_Deviation_Part-47.pdf,2e9ed50d4be5893c,DOL_RFO_Deviation_Part-47.pdf,DOL,47,0,https://www.acquisition.gov/sites/default/files/page_file_uploads/DOL_RFO_Deviation_Part-47.pdf,414018
1abb0cd35b50ec98_DOL_RFO_Deviation_Part-48.pdf,1abb0cd35b50ec98,DOL_RFO_Deviation_Part-48.pdf,DOL,48,0,https://www.acquisition.gov/sites/default/files/page_file_uploads/DOL_RFO_Deviation_Part-48.pdf,365205
606177d8ef3e86fd_DOL_RFO_Deviation_Part-49.pdf,606177d8ef3e86fd,DOL_RFO_Deviation_Part-49.pdf,DOL,49,0,https://www.acquisition.gov/sites/default/files/page_file_uploads/DOL_RFO_Deviation_Part-49.pdf,348536
f71318c54ba85753_DOL_RFO_Deviation_Part-5.pdf,f71318c54ba85753,DOL_RFO_Deviation_Part-5.pdf,DOL,5,0,https://www.acquisition.gov/sites/default/files/page_file_uploads/DOL_RFO_Deviation_Part-5.pdf,406569
338b54e65578ebb0_DOL_RFO_Deviation_Part-50.pdf,338b54e65578ebb0,DOL_RFO_Deviation_Part-50.pdf,DOL,50,0,https://www.acquisition.gov/sites/default/files/page_file_uploads/DOL_RFO_Deviation_Part-50.pdf,390155
3d54cd343606b2e7_DOL_RFO_Deviation_Part-51.pdf,3d54cd343606b2e7,DOL_RFO_Deviation_Part-51.pdf,DOL,51,0,https://www.acquisition.gov/sites/default/files/page_file_uploads/DOL_RFO_Deviation_Part-51.pdf,320611
76a4832a88dc67a6_DOL_RFO_Deviation_Part-53.pdf,76a4832a88dc67a6,DOL_RFO_Deviation_Part-53.pdf,DOL,53,0,https://www.acquisition.gov/sites/default/files/page_file_uploads/DOL_RFO_Deviation_Part-53.pdf,342571
9b2c1f93f41ffa5a_DOL_RFO_Deviation_Part-6.pdf,9b2c1f93f41ffa5a,DOL_RFO_Deviation_Part-6.pdf,DOL,6,0,https://www.acquisition.gov/sites/default/files/page_file_uploads/DOL_RFO_Deviation_Part-6.pdf,299442
8aca2ddaf8457090_DOL_RFO_Deviation_Part-7.pdf,8aca2ddaf8457090,DOL_RFO_Deviation_Part-7.pdf,DOL,7,0,https://www.acquisition.gov/sites/default/files/page_file_uploads/DOL_RFO_Deviation_Part-7.pdf,360093
b1211563e8389fea_DOL_RFO_Deviation_Part-8.pdf,b1211563e8389fea,DOL_RFO_Deviation_Part-8.pdf,DOL,8,0,https://www.acquisition.gov/sites/default/files/page_file_uploads/DOL_RFO_Deviation_Part-8.pdf,373577
0844d61ab463d4d5_DOL_RFO_Deviation_Part-9.pdf,0844d61ab463d4d5,DOL_RFO_Deviation_Part-9.pdf,DOL,9,0,https://www.acquisition.gov/sites/default/files/page_file_uploads/DOL_RFO_Deviation_Part-9.pdf,355579
d4ef6b5808a690fb_DOS_RFO_Deviation_Part-1.pdf,d4ef6b5808a690fb,DOS_RFO_Deviation_Part-1.pdf,DOS,1,0,https://www.acquisition.gov/sites/default/files/page_file_uploads/DOS_RFO_Deviation_Part-1.pdf,433904
77294f342074e663_DOS_RFO_Deviation_Part-10.pdf,77294f342074e663,DOS_RFO_Deviation_Part-10.pdf,DOS,10,0,https://www.acquisition.gov/sites/default/files/page_file_uploads/DOS_RFO_Deviation_Part-10.pdf,469395
5105d7df3d45b03f_DOS_RFO_Deviation_Part-11.pdf,5105d7df3d45b03f,DOS_RFO_Deviation_Part-11.pdf,DOS,11,0,https://www.acquisition.gov/sites/default/files/page_file_uploads/DOS_RFO_Deviation_Part-11.pdf,478561
11307090d7ae91da_DOS_RFO_Deviation_Part-12.pdf,11307090d7ae91da,DOS_RFO_Deviation_Part-12.pdf,DOS,12,0,https://www.acquisition.gov/sites/default/files/page_file_uploads/DOS_RFO_Deviation_Part-12.pdf,421758
5feaf78c63d4b775_DOS_RFO_Deviation_Part-13.pdf,5feaf78c63d4b775,DOS_RFO_Deviation_Part-13.pdf,DOS,13,0,https://www.acquisition.gov/sites/default/files/page_file_uploads/DOS_RFO_Deviation_Part-13.pdf,418810
738e40819400ab4d_DOS_RFO_Deviation_Part-14.pdf,738e40819400ab4d,DOS_RFO_Deviation_Part-14.pdf,DOS,14,0,https://www.acquisition.gov/sites/default/files/page_file_uploads/DOS_RFO_Deviation_Part-14.pdf,420130
33d69555ed39b7ec_DOS_RFO_Deviation_Part-15.pdf,33d69555ed39b7ec,DOS_RFO_Deviation_Part-15.pdf,DOS,15,0,https://www.acquisition.gov/sites/default/files/page_file_uploads/DOS_RFO_Deviation_Part-15.pdf,458987
2bd4c3a31952e493_DOS_RFO_Deviation_Part-16.pdf,2bd4c3a31952e493,DOS_RFO_Deviation_Part-16.pdf,DOS,16,0,https://www.acquisition.gov/sites/default/files/page_file_uploads/DOS_RFO_Deviation_Part-16.pdf,459522
6b1a92d53f6bb595_DOS_RFO_Deviation_Part-17.pdf,6b1a92d53f6bb595,DOS_RFO_Deviation_Part-17.pdf,DOS,17,0,https://www.acquisition.gov/sites/default/files/page_file_uploads/DOS_RFO_Deviation_Part-17.pdf,422356
f78ea84a53b5e396_DOS_RFO_Deviation_Part-18.pdf,f78ea84a53b5e396,DOS_RFO_Deviation_Part-18.pdf,DOS,18,0,https://www.acquisition.gov/sites/default/files/page_file_uploads/DOS_RFO_Deviation_Part-18.pdf,310434
a929b45f2e550406_DOS_RFO_Deviation_Part-19.pdf,a929b45f2e550406,DOS_RFO_Deviation_Part-19.pdf,DOS,19,0,https://www.acquisition.gov/sites/default/files/page_file_uploads/DOS_RFO_Deviation_Part-19.pdf,476628
89fa025fec9a7fe9_DOS_RFO_Deviation_Part-22.pdf,89fa025fec9a7fe9,DOS_RFO_Deviation_Part-22.pdf,DOS,22,0,https://www.acquisition.gov/sites/default/files/page_file_uploads/DOS_RFO_Deviation_Part-22.pdf,420381
dfe29652c0da1983_DOS_RFO_Deviation_Part-23.pdf,dfe29652c0da1983,DOS_RFO_Deviation_Part-23.pdf,DOS,23,0,https://www.acquisition.gov/sites/default/files/page_file_uploads/DOS_RFO_Deviation_Part-23.pdf,429350
72bbfed7fe40e425_DOS_RFO_Deviation_Part-24.pdf,72bbfed7fe40e425,DOS_RFO_Deviation_Part-24.pdf,DOS,24,0,https://www.acquisition.gov/sites/default/files/page_file_uploads/DOS_RFO_Deviation_Part-24.pdf,346497
b59b41a7af9911bb_DOS_RFO_Deviation_Part-25.pdf,b59b41a7af9911bb,DOS_RFO_Deviation_Part-25.pdf,DOS,25,0,https://www.acquisition.gov/sites/default/files/page_file_uploads/DOS_RFO_Deviation_Part-25.pdf,439496
a91283973f5229cf_DOS_RFO_Deviation_Part-26.pdf,a91283973f5229cf,DOS_RFO_Deviation_Part-26.pdf,DOS,26,0,https://www.acquisition.gov/sites/default/files/page_file_uploads/DOS_RFO_Deviation_Part-26.pdf,394393
df78788b06f0db24_DOS_RFO_Deviation_Part-27.pdf,df78788b06f0db24,DOS_RFO_Deviation_Part-27.pdf,DOS,27,0,https://www.acquisition.gov/sites/default/files/page_file_uploads/DOS_RFO_Deviation_Part-27.pdf,449959
c5cbc46082c3244e_DOS_RFO_Deviation_Part-28.pdf,c5cbc46082c3244e,DOS_RFO_Deviation_Part-28.pdf,DOS,28,0,https://www.acquisition.gov/sites/default/files/page_file_uploads/DOS_RFO_Deviation_Part-28.pdf,339462
afca311881b3c3cc_DOS_RFO_Deviation_Part-29.pdf,afca311881b3c3cc,DOS_RFO_Deviation_Part-29.pdf,DOS,29,0,https://www.acquisition.gov/sites/default/files/page_file_uploads/DOS_RFO_Deviation_Part-29.pdf,382051
76716404fad124a2_DOS_RFO_Deviation_Part-3.pdf,76716404fad124a2,DOS_RFO_Deviation_Part-3.pdf,DOS,3,0,https://www.acquisition.gov/sites/default/files/page_file_uploads/DOS_RFO_Deviation_Part-3.pdf,416199
6c55e6f3e8d1c454_DOS_RFO_Deviation_Part-30.pdf,6c55e6f3e8d1c454,DOS_RFO_Deviation_Part-30.pdf,DOS,30,0,https://www.acquisition.gov/sites/default/files/page_file_uploads/DOS_RFO_Deviation_Part-30.pdf,370965
6f9ab53b2f5d1c3d_DOS_RFO_Deviation_Part-31.pdf,6f9ab53b2f5d1c3d,DOS_RFO_Deviation_Part-31.pdf,DOS,31,0,https://www.acquisition.gov/sites/default/files/page_file_uploads/DOS_RFO_Deviation_Part-31.pdf,359672
c1b6172e57afe90e_DOS_RFO_Deviation_Part-32.pdf,c1b6172e57afe90e,DOS_RFO_Deviation_Part-32.pdf,DOS,32,0,https://www.acquisition.gov/sites/default/files/page_file_uploads/DOS_RFO_Deviation_Part-32.pdf,443047
2b6170ea16f15a40_DOS_RFO_Deviation_Part-33.pdf,2b6170ea16f15a40,DOS_RFO_Deviation_Part-33.pdf,DOS,33,0,https://www.acquisition.gov/sites/default/files/page_file_uploads/DOS_RFO_Deviation_Part-33.pdf,371721
51001bd705569064_DOS_RFO_Deviation_Part-34.pdf,51001bd705569064,DOS_RFO_Deviation_Part-34.pdf,DOS,34,0,https://www.acquisition.gov/sites/default/files/page_file_uploads/DOS_RFO_Deviation_Part-34.pdf,388759
0db31d16e9477fb1_DOS_RFO_Deviation_Part-35.pdf,0db31d16e9477fb1,DOS_RFO_Deviation_Part-35.pdf,DOS,35,0,https://www.acquisition.gov/sites/default/files/page_file_uploads/DOS_RFO_Deviation_Part-35.pdf,379570
87c70d7aab3ab911_DOS_RFO_Deviation_Part-36.pdf,87c70d7aab3ab911,DOS_RFO_Deviation_Part-36.pdf,DOS,36,0,https://www.acquisition.gov/sites/default/files/page_file_uploads/DOS_RFO_Deviation_Part-36.pdf,386088
d299e51dee80cdc8_DOS_RFO_Deviation_Part-37.pdf,d299e51dee80cdc8,DOS_RFO_Deviation_Part-37.pdf,DOS,37,0,https://www.acquisition.gov/sites/default/files/page_file_uploads/DOS_RFO_Deviation_Part-37.pdf,480170
4d452a3d269eb7fd_DOS_RFO_Deviation_Part-38.pdf,4d452a3d269eb7fd,DOS_RFO_Deviation_Part-38.pdf,DOS,38,0,https://www.acquisition.gov/sites/default/files/page_file_uploads/DOS_RFO_Deviation_Part-38.pdf,383207
af84acb91c701908_DOS_RFO_Deviation_Part-39.pdf,af84acb91c701908,DOS_RFO_Deviation_Part-39.pdf,DOS,39,0,https://www.acquisition.gov/sites/default/files/page_file_uploads/DOS_RFO_Deviation_Part-39.pdf,453321
d1c75e643ff2d1c1_DOS_RFO_Deviation_Part-4.pdf,d1c75e643ff2d1c1,DOS_RFO_Deviation_Part-4.pdf,DOS,4,0,https://www.acquisition.gov/sites/default/files/page_file_uploads/DOS_RFO_Deviation_Part-4.pdf,494470
2ef0fdae42f6206e_DOS_RFO_Deviation_Part-40.pdf,2ef0fdae42f6206e,DOS_RFO_Deviation_Part-40.pdf,DOS,40,0,https://www.acquisition.gov/sites/default/files/page_file_uploads/DOS_RFO_Deviation_Part-40.pdf,559750
782629c3d6407f86_DOS_RFO_Deviation_Part-41.pdf,782629c3d6407f86,DOS_RFO_Deviation_Part-41.pdf,DOS,41,0,https://www.acquisition.gov/sites/default/files/page_file_uploads/DOS_RFO_Deviation_Part-41.pdf,414009
3777938da88210fb_DOS_RFO_Deviation_Part-42.pdf,3777938da88210fb,DOS_RFO_Deviation_Part-42.pdf,DOS,42,0,https://www.acquisition.gov/sites/default/files/page_file_uploads/DOS_RFO_Deviation_Part-42.pdf,437021
eef865534f36ae33_DOS_RFO_Deviation_Part-43.pdf,eef865534f36ae33,DOS_RFO_Deviation_Part-43.pdf,DOS,43,0,https://www.acquisition.gov/sites/default/files/page_file_uploads/DOS_RFO_Deviation_Part-43.pdf,445263
3212f72108c7cd24_DOS_RFO_Deviation_Part-44.pdf,3212f72108c7cd24,DOS_RFO_Deviation_Part-44.pdf,DOS,44,0,https://www.acquisition.gov/sites/default/files/page_file_uploads/DOS_RFO_Deviation_Part-44.pdf,379038
991862a5382b91fb_DOS_RFO_Deviation_Part-45.pdf,991862a5382b91fb,DOS_RFO_Deviation_Part-45.pdf,DOS,45,0,https://www.acquisition.gov/sites/default/files/page_file_uploads/DOS_RFO_Deviation_Part-45.pdf,419671
809db62e8567f212_DOS_RFO_Deviation_Part-46.pdf,809db62e8567f212,DOS_RFO_Deviation_Part-46.pdf,DOS,46,0,https://www.acquisition.gov/sites/default/files/page_file_uploads/DOS_RFO_Deviation_Part-46.pdf,396977
966fa5d1bff5ec87_DOS_RFO_Deviation_Part-47.pdf,966fa5d1bff5ec87,DOS_RFO_Deviation_Part-47.pdf,DOS,47,0,https://www.acquisition.gov/sites/default/files/page_file_uploads/DOS_RFO_Deviation_Part-47.pdf,481630
8242cd74f1453fb3_DOS_RFO_Deviation_Part-48.pdf,8242cd74f1453fb3,DOS_RFO_Deviation_Part-48.pdf,DOS,48,0,https://www.acquisition.gov/sites/default/files/page_file_uploads/DOS_RFO_Deviation_Part-48.pdf,363631
fccaf2428c6ab0b9_DOS_RFO_Deviation_Part-49.pdf,fccaf2428c6ab0b9,DOS_RFO_Deviation_Part-49.pdf,DOS,49,0,https://www.acquisition.gov/sites/default/files/page_file_uploads/DOS_RFO_Deviation_Part-49.pdf,299741
7da411047d2cff75_DOS_RFO_Deviation_Part-5.pdf,7da411047d2cff75,DOS_RFO_Deviation_Part-5.pdf,DOS,5,0,https://www.acquisition.gov/sites/default/files/page_file_uploads/DOS_RFO_Deviation_Part-5.pdf,399327
237f3bff11788002_DOS_RFO_Deviation_Part-50.pdf,237f3bff11788002,DOS_RFO_Deviation_Part-50.pdf,DOS,50,0,https://www.acquisition.gov/sites/default/files/page_file_uploads/DOS_RFO_Deviation_Part-50.pdf,375165
de65eba9e12ae0cc_DOS_RFO_Deviation_Part-51.pdf,de65eba9e12ae0cc,DOS_RFO_Deviation_Part-51.pdf,DOS,51,0,https://www.acquisition.gov/sites/default/files/page_file_uploads/DOS_RFO_Deviation_Part-51.pdf,388637
21750db1081d8a06_DOS_RFO_Deviation_Part-53.pdf,21750db1081d8a06,DOS_RFO_Deviation_Part-53.pdf,DOS,53,0,https://www.acquisition.gov/sites/default/files/page_file_uploads/DOS_RFO_Deviation_Part-53.pdf,412352
6b6f357e1eae383c_DOS_RFO_Deviation_Part-6.pdf,6b6f357e1eae383c,DOS_RFO_Deviation_Part-6.pdf,DOS,6,0,https://www.acquisition.gov/sites/default/files/page_file_uploads/DOS_RFO_Deviation_Part-6.pdf,300714
c35cf314011bf5c0_DOS_RFO_Deviation_Part-7.pdf,c35cf314011bf5c0,DOS_RFO_Deviation_Part-7.pdf,DOS,7,0,https://www.acquisition.gov/sites/default/files/page_file_uploads/DOS_RFO_Deviation_Part-7.pdf,366005
0ba52af6a0283cf1_DOS_RFO_Deviation_Part-8.pdf,0ba52af6a0283cf1,DOS_RFO_Deviation_Part-8.pdf,DOS,8,0,https://www.acquisition.gov/sites/default/files/page_file_uploads/DOS_RFO_Deviation_Part-8.pdf,404036
f1cde4367cf5e7d3_DOS_RFO_Deviation_Part-9.pdf,f1cde4367cf5e7d3,DOS_RFO_Deviation_Part-9.pdf,DOS,9,0,https://www.acquisition.gov/sites/default/files/page_file_uploads/DOS_RFO_Deviation_Part-9.pdf,406491
692593726ee77542_DOT_RFO_Deviation_Part-1.pdf,692593726ee77542,DOT_RFO_Deviation_Part-1.pdf,DOT,1,0,https://www.acquisition.gov/sites/default/files/page_file_uploads/DOT_RFO_Deviation_Part-1.pdf,188869
2e37fdb330be8948_DOT_RFO_Deviation_Part-10_0.pdf,2e37fdb330be8948,DOT_RFO_Deviation_Part-10_0.pdf,DOT,0,0,https://www.acquisition.gov/sites/default/files/page_file_uploads/DOT_RFO_Deviation_Part-10_0.pdf,170343
2e37fdb330be8948_DOT_RFO_Deviation_Part-10_0.pdf,2e37fdb330be8948,DOT_RFO_Deviation_Part-10_0.pdf,DOT,10,0,https://www.acquisition.gov/sites/default/files/page_file_uploads/DOT_RFO_Deviation_Part-10_0.pdf,170343
e82b5d662cd3673a_DOT_RFO_Deviation_Part-11.pdf,e82b5d662cd3673a,DOT_RFO_Deviation_Part-11.pdf,DOT,11,0,https://www.acquisition.gov/sites/default/files/page_file_uploads/DOT_RFO_Deviation_Part-11.pdf,270639
5fbfcb400b6b7569_DOT_RFO_Deviation_Part-12_0.pdf,5fbfcb400b6b7569,DOT_RFO_Deviation_Part-12_0.pdf,DOT,0,0,https://www.acquisition.gov/sites/default/files/page_file_uploads/DOT_RFO_Deviation_Part-12_0.pdf,232780
5fbfcb400b6b7569_DOT_RFO_Deviation_Part-12_0.pdf,5fbfcb400b6b7569,DOT_RFO_Deviation_Part-12_0.pdf,DOT,12,0,https://www.acquisition.gov/sites/default/files/page_file_uploads/DOT_RFO_Deviation_Part-12_0.pdf,232780
8311d1b0dbe9f6ec_DOT_RFO_Deviation_Part-13_0.pdf,8311d1b0dbe9f6ec,DOT_RFO_Deviation_Part-13_0.pdf,DOT,0,0,https://www.acquisition.gov/sites/default/files/page_file_uploads/DOT_RFO_Deviation_Part-13_0.pdf,331739
8311d1b0dbe9f6ec_DOT_RFO_Deviation_Part-13_0.pdf,8311d1b0dbe9f6ec,DOT_RFO_Deviation_Part-13_0.pdf,DOT,13,0,https://www.acquisition.gov/sites/default/files/page_file_uploads/DOT_RFO_Deviation_Part-13_0.pdf,331739
0a718825d3736bd2_DOT_RFO_Deviation_Part-14.pdf,0a718825d3736bd2,DOT_RFO_Deviation_Part-14.pdf,DOT,14,0,https://www.acquisition.gov/sites/default/files/page_file_uploads/DOT_RFO_Deviation_Part-14.pdf,189877
99b3c5c7e356ae45_DOT_RFO_Deviation_Part-15.pdf,99b3c5c7e356ae45,DOT_RFO_Deviation_Part-15.pdf,DOT,15,0,https://www.acquisition.gov/sites/default/files/page_file_uploads/DOT_RFO_Deviation_Part-15.pdf,179666
4a5d286ee1a500cc_DOT_RFO_Deviation_Part-16.pdf,4a5d286ee1a500cc,DOT_RFO_Deviation_Part-16.pdf,DOT,16,0,https://www.acquisition.gov/sites/default/files/page_file_uploads/DOT_RFO_Deviation_Part-16.pdf,231888
cac62da56b2e6ab2_DOT_RFO_Deviation_Part-17.pdf,cac62da56b2e6ab2,DOT_RFO_Deviation_Part-17.pdf,DOT,17,0,https://www.acquisition.gov/sites/default/files/page_file_uploads/DOT_RFO_Deviation_Part-17.pdf,205206
86399366eb723c4f_DOT_RFO_Deviation_Part-18.pdf,86399366eb723c4f,DOT_RFO_Deviation_Part-18.pdf,DOT,18,0,https://www.acquisition.gov/sites/default/files/page_file_uploads/DOT_RFO_Deviation_Part-18.pdf,197337
5da268e058e840b8_DOT_RFO_Deviation_Part-19.pdf,5da268e058e840b8,DOT_RFO_Deviation_Part-19.pdf,DOT,19,0,https://www.acquisition.gov/sites/default/files/page_file_uploads/DOT_RFO_Deviation_Part-19.pdf,255075
aac7e1638bdc78ba_DOT_RFO_Deviation_Part-22.pdf,aac7e1638bdc78ba,DOT_RFO_Deviation_Part-22.pdf,DOT,22,0,https://www.acquisition.gov/sites/default/files/page_file_uploads/DOT_RFO_Deviation_Part-22.pdf,224992
7341529b8da6b901_DOT_RFO_Deviation_Part-23_0.pdf,7341529b8da6b901,DOT_RFO_Deviation_Part-23_0.pdf,DOT,0,0,https://www.acquisition.gov/sites/default/files/page_file_uploads/DOT_RFO_Deviation_Part-23_0.pdf,203128
7341529b8da6b901_DOT_RFO_Deviation_Part-23_0.pdf,7341529b8da6b901,DOT_RFO_Deviation_Part-23_0.pdf,DOT,23,0,https://www.acquisition.gov/sites/default/files/page_file_uploads/DOT_RFO_Deviation_Part-23_0.pdf,203128
81d2f5f34697b9f9_DOT_RFO_Deviation_Part-24.pdf,81d2f5f34697b9f9,DOT_RFO_Deviation_Part-24.pdf,DOT,24,0,https://www.acquisition.gov/sites/default/files/page_file_uploads/DOT_RFO_Deviation_Part-24.pdf,188601
ada2e9930df453c7_DOT_RFO_Deviation_Part-25.pdf,ada2e9930df453c7,DOT_RFO_Deviation_Part-25.pdf,DOT,25,0,https://www.acquisition.gov/sites/default/files/page_file_uploads/DOT_RFO_Deviation_Part-25.pdf,233835
d11a8df824e7ce84_DOT_RFO_Deviation_Part-26.pdf,d11a8df824e7ce84,DOT_RFO_Deviation_Part-26.pdf,DOT,26,0,https://www.acquisition.gov/sites/default/files/page_file_uploads/DOT_RFO_Deviation_Part-26.pdf,261684
46816d0286872bb6_DOT_RFO_Deviation_Part-27.pdf,46816d0286872bb6,DOT_RFO_Deviation_Part-27.pdf,DOT,27,0,https://www.acquisition.gov/sites/default/files/page_file_uploads/DOT_RFO_Deviation_Part-27.pdf,221983
4e1d13f0e74ea021_DOT_RFO_Deviation_Part-28.pdf,4e1d13f0e74ea021,DOT_RFO_Deviation_Part-28.pdf,DOT,28,0,https://www.acquisition.gov/sites/default/files/page_file_uploads/DOT_RFO_Deviation_Part-28.pdf,168269
cbc1ee7e2d2ad269_DOT_RFO_Deviation_Part-29.pdf,cbc1ee7e2d2ad269,DOT_RFO_Deviation_Part-29.pdf,DOT,29,0,https://www.acquisition.gov/sites/default/files/page_file_uploads/DOT_RFO_Deviation_Part-29.pdf,211897
fab3609ea269c28c_DOT_RFO_Deviation_Part-3.pdf,fab3609ea269c28c,DOT_RFO_Deviation_Part-3.pdf,DOT,3,0,https://www.acquisition.gov/sites/default/files/page_file_uploads/DOT_RFO_Deviation_Part-3.pdf,215218
bed8312fe2f7377c_DOT_RFO_Deviation_Part-30.pdf,bed8312fe2f7377c,DOT_RFO_Deviation_Part-30.pdf,DOT,30,0,https://www.acquisition.gov/sites/default/files/page_file_uploads/DOT_RFO_Deviation_Part-30.pdf,208524
dc17dbe0d63fff3e_DOT_RFO_Deviation_Part-31.pdf,dc17dbe0d63fff3e,DOT_RFO_Deviation_Part-31.pdf,DOT,31,0,https://www.acquisition.gov/sites/default/files/page_file_uploads/DOT_RFO_Deviation_Part-31.pdf,190208
becf56a9cebb9eb3_DOT_RFO_Deviation_Part-32.pdf,becf56a9cebb9eb3,DOT_RFO_Deviation_Part-32.pdf,DOT,32,0,https://www.acquisition.gov/sites/default/files/page_file_uploads/DOT_RFO_Deviation_Part-32.pdf,154757
9f9030e3646289ee_DOT_RFO_Deviation_Part-33.pdf,9f9030e3646289ee,DOT_RFO_Deviation_Part-33.pdf,DOT,33,0,https://www.acquisition.gov/sites/default/files/page_file_uploads/DOT_RFO_Deviation_Part-33.pdf,264801
40f0d8c35bf3006f_DOT_RFO_Deviation_Part-34.pdf,40f0d8c35bf3006f,DOT_RFO_Deviation_Part-34.pdf,DOT,34,0,https://www.acquisition.gov/sites/default/files/page_file_uploads/DOT_RFO_Deviation_Part-34.pdf,187512
0c2862427f832672_DOT_RFO_Deviation_Part-35.pdf,0c2862427f832672,DOT_RFO_Deviation_Part-35.pdf,DOT,35,0,https://www.acquisition.gov/sites/default/files/page_file_uploads/DOT_RFO_Deviation_Part-35.pdf,234737
2c31a32ebf70ff3a_DOT_RFO_Deviation_Part-36.pdf,2c31a32ebf70ff3a,DOT_RFO_Deviation_Part-36.pdf,DOT,36,0,https://www.acquisition.gov/sites/default/files/page_file_uploads/DOT_RFO_Deviation_Part-36.pdf,220039
3278f046a6eb630e_DOT_RFO_Deviation_Part-37.pdf,3278f046a6eb630e,DOT_RFO_Deviation_Part-37.pdf,DOT,37,0,https://www.acquisition.gov/sites/default/files/page_file_uploads/DOT_RFO_Deviation_Part-37.pdf,236091
0679df158bc480fe_DOT_RFO_Deviation_Part-38.pdf,0679df158bc480fe,DOT_RFO_Deviation_Part-38.pdf,DOT,38,0,https://www.acquisition.gov/sites/default/files/page_file_uploads/DOT_RFO_Deviation_Part-38.pdf,183142
334577ba780cfc9c_DOT_RFO_Deviation_Part-39.pdf,334577ba780cfc9c,DOT_RFO_Deviation_Part-39.pdf,DOT,39,0,https://www.acquisition.gov/sites/default/files/page_file_uploads/DOT_RFO_Deviation_Part-39.pdf,198015
3a176561f25ab860_DOT_RFO_Deviation_Part-4.pdf,3a176561f25ab860,DOT_RFO_Deviation_Part-4.pdf,DOT,4,0,https://www.acquisition.gov/sites/default/files/page_file_uploads/DOT_RFO_Deviation_Part-4.pdf,290274
b36081f420502293_DOT_RFO_Deviation_Part-40.pdf,b36081f420502293,DOT_RFO_Deviation_Part-40.pdf,DOT,40,0,https://www.acquisition.gov/sites/default/files/page_file_uploads/DOT_RFO_Deviation_Part-40.pdf,252979
8654900e10cb70f8_DOT_RFO_Deviation_Part-41.pdf,8654900e10cb70f8,DOT_RFO_Deviation_Part-41.pdf,DOT,41,0,https://www.acquisition.gov/sites/default/files/page_file_uploads/DOT_RFO_Deviation_Part-41.pdf,119354
1263effff3cf4b28_DOT_RFO_Deviation_Part-42.pdf,1263effff3cf4b28,DOT_RFO_Deviation_Part-42.pdf,DOT,42,0,https://www.acquisition.gov/sites/default/files/page_file_uploads/DOT_RFO_Deviation_Part-42.pdf,167948
4d7a533576c92790_DOT_RFO_Deviation_Part-43.pdf,4d7a533576c92790,DOT_RFO_Deviation_Part-43.pdf,DOT,43,0,https://www.acquisition.gov/sites/default/files/page_file_uploads/DOT_RFO_Deviation_Part-43.pdf,173682
ad7f2e1c6682f704_DOT_RFO_Deviation_Part-44.pdf,ad7f2e1c6682f704,DOT_RFO_Deviation_Part-44.pdf,DOT,44,0,https://www.acquisition.gov/sites/default/files/page_file_uploads/DOT_RFO_Deviation_Part-44.pdf,211995
1b7032c6683dee1c_DOT_RFO_Deviation_Part-45.pdf,1b7032c6683dee1c,DOT_RFO_Deviation_Part-45.pdf,DOT,45,0,https://www.acquisition.gov/sites/default/files/page_file_uploads/DOT_RFO_Deviation_Part-45.pdf,187007
871f43dc17340eea_DOT_RFO_Deviation_Part-46.pdf,871f43dc17340eea,DOT_RFO_Deviation_Part-46.pdf,DOT,46,0,https://www.acquisition.gov/sites/default/files/page_file_uploads/DOT_RFO_Deviation_Part-46.pdf,241887
a242540f1d2acd20_DOT_RFO_Deviation_Part-47.pdf,a242540f1d2acd20,DOT_RFO_Deviation_Part-47.pdf,DOT,47,0,https://www.acquisition.gov/sites/default/files/page_file_uploads/DOT_RFO_Deviation_Part-47.pdf,193336
2ffa589a30b9e1f6_DOT_RFO_Deviation_Part-48.pdf,2ffa589a30b9e1f6,DOT_RFO_Deviation_Part-48.pdf,DOT,48,0,https://www.acquisition.gov/sites/default/files/page_file_uploads/DOT_RFO_Deviation_Part-48.pdf,195181
d348dd60f03ae5e5_DOT_RFO_Deviation_Part-49.pdf,d348dd60f03ae5e5,DOT_RFO_Deviation_Part-49.pdf,DOT,49,0,https://www.acquisition.gov/sites/default/files/page_file_uploads/DOT_RFO_Deviation_Part-49.pdf,242680
90c27dd5b8e702ff_DOT_RFO_Deviation_Part-50.pdf,90c27dd5b8e702ff,DOT_RFO_Deviation_Part-50.pdf,DOT,50,0,https://www.acquisition.gov/sites/default/files/page_file_uploads/DOT_RFO_Deviation_Part-50.pdf,150354
292d48931b5734ac_DOT_RFO_Deviation_Part-51.pdf,292d48931b5734ac,DOT_RFO_Deviation_Part-51.pdf,DOT,51,0,https://www.acquisition.gov/sites/default/files/page_file_uploads/DOT_RFO_Deviation_Part-51.pdf,182498
42b28918a7747d49_DOT_RFO_Deviation_Part-53.pdf,42b28918a7747d49,DOT_RFO_Deviation_Part-53.pdf,DOT,53,0,https://www.acquisition.gov/sites/default/files/page_file_uploads/DOT_RFO_Deviation_Part-53.pdf,189067
7f055f5747f5ff87_DOT_RFO_Deviation_Part-5_0_0.pdf,7f055f5747f5ff87,DOT_RFO_Deviation_Part-5_0_0.pdf,DOT,0,0,https://www.acquisition.gov/sites/default/files/page_file_uploads/DOT_RFO_Deviation_Part-5_0_0.pdf,230500
7f055f5747f5ff87_DOT_RFO_Deviation_Part-5_0_0.pdf,7f055f5747f5ff87,DOT_RFO_Deviation_Part-5_0_0.pdf,DOT,5,0,https://www.acquisition.gov/sites/default/files/page_file_uploads/DOT_RFO_Deviation_Part-5_0_0.pdf,230500
a4382f4397f5d7b1_DOT_RFO_Deviation_Part-6.pdf,a4382f4397f5d7b1,DOT_RFO_Deviation_Part-6.pdf,DOT,6,0,https://www.acquisition.gov/sites/default/files/page_file_uploads/DOT_RFO_Deviation_Part-6.pdf,147110
54ca8c9d8e75d2dd_DOT_RFO_Deviation_Part-7.pdf,54ca8c9d8e75d2dd,DOT_RFO_Deviation_Part-7.pdf,DOT,7,0,https://www.acquisition.gov/sites/default/files/page_file_uploads/DOT_RFO_Deviation_Part-7.pdf,221161
f7179d743a0d3ddc_DOT_RFO_Deviation_Part-8_0_0.pdf,f7179d743a0d3ddc,DOT_RFO_Deviation_Part-8_0_0.pdf,DOT,0,0,https://www.acquisition.gov/sites/default/files/page_file_uploads/DOT_RFO_Deviation_Part-8_0_0.pdf,405123
f7179d743a0d3ddc_DOT_RFO_Deviation_Part-8_0_0.pdf,f7179d743a0d3ddc,DOT_RFO_Deviation_Part-8_0_0.pdf,DOT,8,0,https://www.acquisition.gov/sites/default/files/page_file_uploads/DOT_RFO_Deviation_Part-8_0_0.pdf,405123
98e4463826a171f6_DOT_RFO_Deviation_Part-9_0.pdf,98e4463826a171f6,DOT_RFO_Deviation_Part-9_0.pdf,DOT,0,0,https://www.acquisition.gov/sites/default/files/page_file_uploads/DOT_RFO_Deviation_Part-9_0.pdf,199869
98e4463826a171f6_DOT_RFO_Deviation_Part-9_0.pdf,98e4463826a171f6,DOT_RFO_Deviation_Part-9_0.pdf,DOT,9,0,https://www.acquisition.gov/sites/default/files/page_file_uploads/DOT_RFO_Deviation_Part-9_0.pdf,199869
6dac22644a59a0e0_ED_RFO_Deviation_Part-1.pdf,6dac22644a59a0e0,ED_RFO_Deviation_Part-1.pdf,ED,1,0,https://www.acquisition.gov/sites/default/files/page_file_uploads/ED_RFO_Deviation_Part-1.pdf,257544
d3c339d5ef1127a7_ED_RFO_Deviation_Part-10.pdf,d3c339d5ef1127a7,ED_RFO_Deviation_Part-10.pdf,ED,10,0,https://www.acquisition.gov/sites/default/files/page_file_uploads/ED_RFO_Deviation_Part-10.pdf,292599
07a94644d5750cca_ED_RFO_Deviation_Part-11.pdf,07a94644d5750cca,ED_RFO_Deviation_Part-11.pdf,ED,11,0,https://www.acquisition.gov/sites/default/files/page_file_uploads/ED_RFO_Deviation_Part-11.pdf,462167
25491bb0ab197f04_ED_RFO_Deviation_Part-12.pdf,25491bb0ab197f04,ED_RFO_Deviation_Part-12.pdf,ED,12,0,https://www.acquisition.gov/sites/default/files/page_file_uploads/ED_RFO_Deviation_Part-12.pdf,453917
9703170b352c3889_ED_RFO_Deviation_Part-13.pdf,9703170b352c3889,ED_RFO_Deviation_Part-13.pdf,ED,13,0,https://www.acquisition.gov/sites/default/files/page_file_uploads/ED_RFO_Deviation_Part-13.pdf,317607
0da4f7392d690471_ED_RFO_Deviation_Part-14.pdf,0da4f7392d690471,ED_RFO_Deviation_Part-14.pdf,ED,14,0,https://www.acquisition.gov/sites/default/files/page_file_uploads/ED_RFO_Deviation_Part-14.pdf,2041426
c4c810baa4fc9f6e_ED_RFO_Deviation_Part-15.pdf,c4c810baa4fc9f6e,ED_RFO_Deviation_Part-15.pdf,ED,15,0,https://www.acquisition.gov/sites/default/files/page_file_uploads/ED_RFO_Deviation_Part-15.pdf,2707456
7747986fd8e5a73f_ED_RFO_Deviation_Part-16.pdf,7747986fd8e5a73f,ED_RFO_Deviation_Part-16.pdf,ED,16,0,https://www.acquisition.gov/sites/default/files/page_file_uploads/ED_RFO_Deviation_Part-16.pdf,2384206
34855c1debcf031f_ED_RFO_Deviation_Part-17.pdf,34855c1debcf031f,ED_RFO_Deviation_Part-17.pdf,ED,17,0,https://www.acquisition.gov/sites/default/files/page_file_uploads/ED_RFO_Deviation_Part-17.pdf,266359
c9905ce03a678791_ED_RFO_Deviation_Part-18.pdf,c9905ce03a678791,ED_RFO_Deviation_Part-18.pdf,ED,18,0,https://www.acquisition.gov/sites/default/files/page_file_uploads/ED_RFO_Deviation_Part-18.pdf,414726
6f0d103eb4bce55a_ED_RFO_Deviation_Part-19.pdf,6f0d103eb4bce55a,ED_RFO_Deviation_Part-19.pdf,ED,19,0,https://www.acquisition.gov/sites/default/files/page_file_uploads/ED_RFO_Deviation_Part-19.pdf,3795618
b4eff0442ee39f7f_ED_RFO_Deviation_Part-22.pdf,b4eff0442ee39f7f,ED_RFO_Deviation_Part-22.pdf,ED,22,0,https://www.acquisition.gov/sites/default/files/page_file_uploads/ED_RFO_Deviation_Part-22.pdf,2440532
09e09d0be8226234_ED_RFO_Deviation_Part-23.pdf,09e09d0be8226234,ED_RFO_Deviation_Part-23.pdf,ED,23,0,https://www.acquisition.gov/sites/default/files/page_file_uploads/ED_RFO_Deviation_Part-23.pdf,1914273
923444f60e2a6e22_ED_RFO_Deviation_Part-24.pdf,923444f60e2a6e22,ED_RFO_Deviation_Part-24.pdf,ED,24,0,https://www.acquisition.gov/sites/default/files/page_file_uploads/ED_RFO_Deviation_Part-24.pdf,517007
04f066cea3fbe502_ED_RFO_Deviation_Part-25.pdf,04f066cea3fbe502,ED_RFO_Deviation_Part-25.pdf,ED,25,0,https://www.acquisition.gov/sites/default/files/page_file_uploads/ED_RFO_Deviation_Part-25.pdf,2455078
bfc2eda207d38da4_ED_RFO_Deviation_Part-26.pdf,bfc2eda207d38da4,ED_RFO_Deviation_Part-26.pdf,ED,26,0,https://www.acquisition.gov/sites/default/files/page_file_uploads/ED_RFO_Deviation_Part-26.pdf,307846
7fddd194aa7e0d38_ED_RFO_Deviation_Part-27.pdf,7fddd194aa7e0d38,ED_RFO_Deviation_Part-27.pdf,ED,27,0,https://www.acquisition.gov/sites/default/files/page_file_uploads/ED_RFO_Deviation_Part-27.pdf,281707
94b498ecc41aa11e_ED_RFO_Deviation_Part-28.pdf,94b498ecc41aa11e,ED_RFO_Deviation_Part-28.pdf,ED,28,0,https://www.acquisition.gov/sites/default/files/page_file_uploads/ED_RFO_Deviation_Part-28.pdf,284747
68bbd80b91cdf921_ED_RFO_Deviation_Part-29.pdf,68bbd80b91cdf921,ED_RFO_Deviation_Part-29.pdf,ED,29,0,https://www.acquisition.gov/sites/default/files/page_file_uploads/ED_RFO_Deviation_Part-29.pdf,430851
ca1636b8946fc85f_ED_RFO_Deviation_Part-3.pdf,ca1636b8946fc85f,ED_RFO_Deviation_Part-3.pdf,ED,3,0,https://www.acquisition.gov/sites/default/files/page_file_uploads/ED_RFO_Deviation_Part-3.pdf,303945
fabcaf824dc1aa8f_ED_RFO_Deviation_Part-30.pdf,fabcaf824dc1aa8f,ED_RFO_Deviation_Part-30.pdf,ED,30,0,https://www.acquisition.gov/sites/default/files/page_file_uploads/ED_RFO_Deviation_Part-30.pdf,319465
dee31686a62323d2_ED_RFO_Deviation_Part-31.pdf,dee31686a62323d2,ED_RFO_Deviation_Part-31.pdf,ED,31,0,https://www.acquisition.gov/sites/default/files/page_file_uploads/ED_RFO_Deviation_Part-31.pdf,368824
12c1cd7f46439d9a_ED_RFO_Deviation_Part-32.pdf,12c1cd7f46439d9a,ED_RFO_Deviation_Part-32.pdf,ED,32,0,https://www.acquisition.gov/sites/default/files/page_file_uploads/ED_RFO_Deviation_Part-32.pdf,1587325
c3f5fec2579ce00b_ED_RFO_Deviation_Part-33.pdf,c3f5fec2579ce00b,ED_RFO_Deviation_Part-33.pdf,ED,33,0,https://www.acquisition.gov/sites/default/files/page_file_uploads/ED_RFO_Deviation_Part-33.pdf,427863
df86984d370b8226_ED_RFO_Deviation_Part-34.pdf,df86984d370b8226,ED_RFO_Deviation_Part-34.pdf,ED,34,0,https://www.acquisition.gov/sites/default/files/page_file_uploads/ED_RFO_Deviation_Part-34.pdf,250696
a8c056944e8ea90e_ED_RFO_Deviation_Part-35.pdf,a8c056944e8ea90e,ED_RFO_Deviation_Part-35.pdf,ED,35,0,https://www.acquisition.gov/sites/default/files/page_file_uploads/ED_RFO_Deviation_Part-35.pdf,412681
c8cea105d57009c4_ED_RFO_Deviation_Part-36.pdf,c8cea105d57009c4,ED_RFO_Deviation_Part-36.pdf,ED,36,0,https://www.acquisition.gov/sites/default/files/page_file_uploads/ED_RFO_Deviation_Part-36.pdf,366424
7dfc5ff4a2a878a3_ED_RFO_Deviation_Part-37.pdf,7dfc5ff4a2a878a3,ED_RFO_Deviation_Part-37.pdf,ED,37,0,https://www.acquisition.gov/sites/default/files/page_file_uploads/ED_RFO_Deviation_Part-37.pdf,2815473
aabdabaaa61343d5_ED_RFO_Deviation_Part-38.pdf,aabdabaaa61343d5,ED_RFO_Deviation_Part-38.pdf,ED,38,0,https://www.acquisition.gov/sites/default/files/page_file_uploads/ED_RFO_Deviation_Part-38.pdf,372023
554a1994b587f17d_ED_RFO_Deviation_Part-39.pdf,554a1994b587f17d,ED_RFO_Deviation_Part-39.pdf,ED,39,0,https://www.acquisition.gov/sites/default/files/page_file_uploads/ED_RFO_Deviation_Part-39.pdf,426584
3d187438f4206208_ED_RFO_Deviation_Part-4.pdf,3d187438f4206208,ED_RFO_Deviation_Part-4.pdf,ED,4,0,https://www.acquisition.gov/sites/default/files/page_file_uploads/ED_RFO_Deviation_Part-4.pdf,434763
d695b6c6f7605dee_ED_RFO_Deviation_Part-40.pdf,d695b6c6f7605dee,ED_RFO_Deviation_Part-40.pdf,ED,40,0,https://www.acquisition.gov/sites/default/files/page_file_uploads/ED_RFO_Deviation_Part-40.pdf,464477
e4cdd557b1134d5c_ED_RFO_Deviation_Part-41.pdf,e4cdd557b1134d5c,ED_RFO_Deviation_Part-41.pdf,ED,41,0,https://www.acquisition.gov/sites/default/files/page_file_uploads/ED_RFO_Deviation_Part-41.pdf,1016044
0321467e6c6560ae_ED_RFO_Deviation_Part-42.pdf,0321467e6c6560ae,ED_RFO_Deviation_Part-42.pdf,ED,42,0,https://www.acquisition.gov/sites/default/files/page_file_uploads/ED_RFO_Deviation_Part-42.pdf,1990992
688b63565f306bb4_ED_RFO_Deviation_Part-43.pdf,688b63565f306bb4,ED_RFO_Deviation_Part-43.pdf,ED,43,0,https://www.acquisition.gov/sites/default/files/page_file_uploads/ED_RFO_Deviation_Part-43.pdf,407500
eb2f7edddcc001e1_ED_RFO_Deviation_Part-44.pdf,eb2f7edddcc001e1,ED_RFO_Deviation_Part-44.pdf,ED,44,0,https://www.acquisition.gov/sites/default/files/page_file_uploads/ED_RFO_Deviation_Part-44.pdf,572107
14d6cb39ba5c9ddf_ED_RFO_Deviation_Part-45.pdf,14d6cb39ba5c9ddf,ED_RFO_Deviation_Part-45.pdf,ED,45,0,https://www.acquisition.gov/sites/default/files/page_file_uploads/ED_RFO_Deviation_Part-45.pdf,287402
9982c1fd1240949a_ED_RFO_Deviation_Part-46.pdf,9982c1fd1240949a,ED_RFO_Deviation_Part-46.pdf,ED,46,0,https://www.acquisition.gov/sites/default/files/page_file_uploads/ED_RFO_Deviation_Part-46.pdf,410336
7bb2efa0f7b56ade_ED_RFO_Deviation_Part-47.pdf,7bb2efa0f7b56ade,ED_RFO_Deviation_Part-47.pdf,ED,47,0,https://www.acquisition.gov/sites/default/files/page_file_uploads/ED_RFO_Deviation_Part-47.pdf,2252328
a463769e5a7767ed_ED_RFO_Deviation_Part-48.pdf,a463769e5a7767ed,ED_RFO_Deviation_Part-48.pdf,ED,48,0,https://www.acquisition.gov/sites/default/files/page_file_uploads/ED_RFO_Deviation_Part-48.pdf,313882
623476f5dab2e2b0_ED_RFO_Deviation_Part-49.pdf,623476f5dab2e2b0,ED_RFO_Deviation_Part-49.pdf,ED,49,0,https://www.acquisition.gov/sites/default/files/page_file_uploads/ED_RFO_Deviation_Part-49.pdf,415112
5a2aae5a151cdc87_ED_RFO_Deviation_Part-5.pdf,5a2aae5a151cdc87,ED_RFO_Deviation_Part-5.pdf,ED,5,0,https://www.acquisition.gov/sites/default/files/page_file_uploads/ED_RFO_Deviation_Part-5.pdf,306479
665fd5232ef27118_ED_RFO_Deviation_Part-50.pdf,665fd5232ef27118,ED_RFO_Deviation_Part-50.pdf,ED,50,0,https://www.acquisition.gov/sites/default/files/page_file_uploads/ED_RFO_Deviation_Part-50.pdf,306692
13c251539ec6f33e_ED_RFO_Deviation_Part-51.pdf,13c251539ec6f33e,ED_RFO_Deviation_Part-51.pdf,ED,51,0,https://www.acquisition.gov/sites/default/files/page_file_uploads/ED_RFO_Deviation_Part-51.pdf,372061
a1a3c45ea8077604_ED_RFO_Deviation_Part-53.pdf,a1a3c45ea8077604,ED_RFO_Deviation_Part-53.pdf,ED,53,0,https://www.acquisition.gov/sites/default/files/page_file_uploads/ED_RFO_Deviation_Part-53.pdf,1121645
a8d5ff85bc537c75_ED_RFO_Deviation_Part-6.pdf,a8d5ff85bc537c75,ED_RFO_Deviation_Part-6.pdf,ED,6,0,https://www.acquisition.gov/sites/default/files/page_file_uploads/ED_RFO_Deviation_Part-6.pdf,388563
7fdd4db961371083_ED_RFO_Deviation_Part-7.pdf,7fdd4db961371083,ED_RFO_Deviation_Part-7.pdf,ED,7,0,https://www.acquisition.gov/sites/default/files/page_file_uploads/ED_RFO_Deviation_Part-7.pdf,570051
00e7b79fe0c5fa29_ED_RFO_Deviation_Part-8.pdf,00e7b79fe0c5fa29,ED_RFO_Deviation_Part-8.pdf,ED,8,0,https://www.acquisition.gov/sites/default/files/page_file_uploads/ED_RFO_Deviation_Part-8.pdf,438372
0301c37b729c4650_ED_RFO_Deviation_Part-9.pdf,0301c37b729c4650,ED_RFO_Deviation_Part-9.pdf,ED,9,0,https://www.acquisition.gov/sites/default/files/page_file_uploads/ED_RFO_Deviation_Part-9.pdf,440350
d73ec8876b1cb3f5_EPA_RFO_Deviation_Part-10.pdf,d73ec8876b1cb3f5,EPA_RFO_Deviation_Part-10.pdf,EPA,10,0,https://www.acquisition.gov/sites/default/files/page_file_uploads/EPA_RFO_Deviation_Part-10.pdf,300765
93cba3c595e269cf_EPA_RFO_Deviation_Part-11.pdf,93cba3c595e269cf,EPA_RFO_Deviation_Part-11.pdf,EPA,11,0,https://www.acquisition.gov/sites/default/files/page_file_uploads/EPA_RFO_Deviation_Part-11.pdf,310503
973a47f87b016a04_EPA_RFO_Deviation_Part-12.pdf,973a47f87b016a04,EPA_RFO_Deviation_Part-12.pdf,EPA,12,0,https://www.acquisition.gov/sites/default/files/page_file_uploads/EPA_RFO_Deviation_Part-12.pdf,284929
315b151d9160e350_EPA_RFO_Deviation_Part-13.pdf,315b151d9160e350,EPA_RFO_Deviation_Part-13.pdf,EPA,13,0,https://www.acquisition.gov/sites/default/files/page_file_uploads/EPA_RFO_Deviation_Part-13.pdf,309596
9d770fbe016c6bd9_EPA_RFO_Deviation_Part-14.pdf,9d770fbe016c6bd9,EPA_RFO_Deviation_Part-14.pdf,EPA,14,0,https://www.acquisition.gov/sites/default/files/page_file_uploads/EPA_RFO_Deviation_Part-14.pdf,300610
655e94d0189aa5a7_EPA_RFO_Deviation_Part-15.pdf,655e94d0189aa5a7,EPA_RFO_Deviation_Part-15.pdf,EPA,15,0,https://www.acquisition.gov/sites/default/files/page_file_uploads/EPA_RFO_Deviation_Part-15.pdf,349192
4298a3a6ded2891f_EPA_RFO_Deviation_Part-16.pdf,4298a3a6ded2891f,EPA_RFO_Deviation_Part-16.pdf,EPA,16,0,https://www.acquisition.gov/sites/default/files/page_file_uploads/EPA_RFO_Deviation_Part-16.pdf,341719
98408c42d0ff968e_EPA_RFO_Deviation_Part-17.pdf,98408c42d0ff968e,EPA_RFO_Deviation_Part-17.pdf,EPA,17,0,https://www.acquisition.gov/sites/default/files/page_file_uploads/EPA_RFO_Deviation_Part-17.pdf,320089
1bac9e29f374a4a7_EPA_RFO_Deviation_Part-18.pdf,1bac9e29f374a4a7,EPA_RFO_Deviation_Part-18.pdf,EPA,18,0,https://www.acquisition.gov/sites/default/files/page_file_uploads/EPA_RFO_Deviation_Part-18.pdf,313546
744fa391fb006004_EPA_RFO_Deviation_Part-19.pdf,744fa391fb006004,EPA_RFO_Deviation_Part-19.pdf,EPA,19,0,https://www.acquisition.gov/sites/default/files/page_file_uploads/EPA_RFO_Deviation_Part-19.pdf,260364
bfad47dae61166e7_EPA_RFO_Deviation_Part-1_0.pdf,bfad47dae61166e7,EPA_RFO_Deviation_Part-1_0.pdf,EPA,0,0,https://www.acquisition.gov/sites/default/files/page_file_uploads/EPA_RFO_Deviation_Part-1_0.pdf,268941
bfad47dae61166e7_EPA_RFO_Deviation_Part-1_0.pdf,bfad47dae61166e7,EPA_RFO_Deviation_Part-1_0.pdf,EPA,1,0,https://www.acquisition.gov/sites/default/files/page_file_uploads/EPA_RFO_Deviation_Part-1_0.pdf,268941
1818d83003d1a0d8_EPA_RFO_Deviation_Part-22.pdf,1818d83003d1a0d8,EPA_RFO_Deviation_Part-22.pdf,EPA,22,0,https://www.acquisition.gov/sites/default/files/page_file_uploads/EPA_RFO_Deviation_Part-22.pdf,306911
1b19aaadfdb37ec0_EPA_RFO_Deviation_Part-23.pdf,1b19aaadfdb37ec0,EPA_RFO_Deviation_Part-23.pdf,EPA,23,0,https://www.acquisition.gov/sites/default/files/page_file_uploads/EPA_RFO_Deviation_Part-23.pdf,301195
785d1f6e841cbfd4_EPA_RFO_Deviation_Part-24.pdf,785d1f6e841cbfd4,EPA_RFO_Deviation_Part-24.pdf,EPA,24,0,https://www.acquisition.gov/sites/default/files/page_file_uploads/EPA_RFO_Deviation_Part-24.pdf,276724
79405de830eca819_EPA_RFO_Deviation_Part-25.pdf,79405de830eca819,EPA_RFO_Deviation_Part-25.pdf,EPA,25,0,https://www.acquisition.gov/sites/default/files/page_file_uploads/EPA_RFO_Deviation_Part-25.pdf,311045
9b6e8e3349521715_EPA_RFO_Deviation_Part-26.pdf,9b6e8e3349521715,EPA_RFO_Deviation_Part-26.pdf,EPA,26,0,https://www.acquisition.gov/sites/default/files/page_file_uploads/EPA_RFO_Deviation_Part-26.pdf,289385
7a2cbc1b8be934af_EPA_RFO_Deviation_Part-27.pdf,7a2cbc1b8be934af,EPA_RFO_Deviation_Part-27.pdf,EPA,27,0,https://www.acquisition.gov/sites/default/files/page_file_uploads/EPA_RFO_Deviation_Part-27.pdf,345663
d5316ad4ed1d726b_EPA_RFO_Deviation_Part-28.pdf,d5316ad4ed1d726b,EPA_RFO_Deviation_Part-28.pdf,EPA,28,0,https://www.acquisition.gov/sites/default/files/page_file_uploads/EPA_RFO_Deviation_Part-28.pdf,298425
729aa11dfe6769db_EPA_RFO_Deviation_Part-29.pdf,729aa11dfe6769db,EPA_RFO_Deviation_Part-29.pdf,EPA,29,0,https://www.acquisition.gov/sites/default/files/page_file_uploads/EPA_RFO_Deviation_Part-29.pdf,308305
5146ec686ff76f41_EPA_RFO_Deviation_Part-3.pdf,5146ec686ff76f41,EPA_RFO_Deviation_Part-3.pdf,EPA,3,0,https://www.acquisition.gov/sites/default/files/page_file_uploads/EPA_RFO_Deviation_Part-3.pdf,307375
bce11fbc4c36ae50_EPA_RFO_Deviation_Part-30.pdf,bce11fbc4c36ae50,EPA_RFO_Deviation_Part-30.pdf,EPA,30,0,https://www.acquisition.gov/sites/default/files/page_file_uploads/EPA_RFO_Deviation_Part-30.pdf,330528
29e9c2e094d4547b_EPA_RFO_Deviation_Part-31_0.pdf,29e9c2e094d4547b,EPA_RFO_Deviation_Part-31_0.pdf,EPA,0,0,https://www.acquisition.gov/sites/default/files/page_file_uploads/EPA_RFO_Deviation_Part-31_0.pdf,290666
29e9c2e094d4547b_EPA_RFO_Deviation_Part-31_0.pdf,29e9c2e094d4547b,EPA_RFO_Deviation_Part-31_0.pdf,EPA,31,0,https://www.acquisition.gov/sites/default/files/page_file_uploads/EPA_RFO_Deviation_Part-31_0.pdf,290666
ef48e776cef4d6ad_EPA_RFO_Deviation_Part-32.pdf,ef48e776cef4d6ad,EPA_RFO_Deviation_Part-32.pdf,EPA,32,0,https://www.acquisition.gov/sites/default/files/page_file_uploads/EPA_RFO_Deviation_Part-32.pdf,298987
56d948d651d44b7c_EPA_RFO_Deviation_Part-33.pdf,56d948d651d44b7c,EPA_RFO_Deviation_Part-33.pdf,EPA,33,0,https://www.acquisition.gov/sites/default/files/page_file_uploads/EPA_RFO_Deviation_Part-33.pdf,258830
e4795ff20102069d_EPA_RFO_Deviation_Part-34.pdf,e4795ff20102069d,EPA_RFO_Deviation_Part-34.pdf,EPA,34,0,https://www.acquisition.gov/sites/default/files/page_file_uploads/EPA_RFO_Deviation_Part-34.pdf,280636
fc2878d2d2a79104_EPA_RFO_Deviation_Part-35.pdf,fc2878d2d2a79104,EPA_RFO_Deviation_Part-35.pdf,EPA,35,0,https://www.acquisition.gov/sites/default/files/page_file_uploads/EPA_RFO_Deviation_Part-35.pdf,347129
82b5e1870374fcd6_EPA_RFO_Deviation_Part-36.pdf,82b5e1870374fcd6,EPA_RFO_Deviation_Part-36.pdf,EPA,36,0,https://www.acquisition.gov/sites/default/files/page_file_uploads/EPA_RFO_Deviation_Part-36.pdf,288540
f4d8db8725e2fb2e_EPA_RFO_Deviation_Part-37.pdf,f4d8db8725e2fb2e,EPA_RFO_Deviation_Part-37.pdf,EPA,37,0,https://www.acquisition.gov/sites/default/files/page_file_uploads/EPA_RFO_Deviation_Part-37.pdf,334275
8b2d91a6eda3195d_EPA_RFO_Deviation_Part-38.pdf,8b2d91a6eda3195d,EPA_RFO_Deviation_Part-38.pdf,EPA,38,0,https://www.acquisition.gov/sites/default/files/page_file_uploads/EPA_RFO_Deviation_Part-38.pdf,187778
df1fa3956811f67f_EPA_RFO_Deviation_Part-39.pdf,df1fa3956811f67f,EPA_RFO_Deviation_Part-39.pdf,EPA,39,0,https://www.acquisition.gov/sites/default/files/page_file_uploads/EPA_RFO_Deviation_Part-39.pdf,281872
3a0d95b5d7589d6a_EPA_RFO_Deviation_Part-4.pdf,3a0d95b5d7589d6a,EPA_RFO_Deviation_Part-4.pdf,EPA,4,0,https://www.acquisition.gov/sites/default/files/page_file_uploads/EPA_RFO_Deviation_Part-4.pdf,347244
78b6aaa386831d88_EPA_RFO_Deviation_Part-40.pdf,78b6aaa386831d88,EPA_RFO_Deviation_Part-40.pdf,EPA,40,0,https://www.acquisition.gov/sites/default/files/page_file_uploads/EPA_RFO_Deviation_Part-40.pdf,295234
17a016e6ccd75ccb_EPA_RFO_Deviation_Part-41.pdf,17a016e6ccd75ccb,EPA_RFO_Deviation_Part-41.pdf,EPA,41,0,https://www.acquisition.gov/sites/default/files/page_file_uploads/EPA_RFO_Deviation_Part-41.pdf,269372
4af16a95ef3f415f_EPA_RFO_Deviation_Part-42.pdf,4af16a95ef3f415f,EPA_RFO_Deviation_Part-42.pdf,EPA,42,0,https://www.acquisition.gov/sites/default/files/page_file_uploads/EPA_RFO_Deviation_Part-42.pdf,328342
666a9598a9de0167_EPA_RFO_Deviation_Part-43.pdf,666a9598a9de0167,EPA_RFO_Deviation_Part-43.pdf,EPA,43,0,https://www.acquisition.gov/sites/default/files/page_file_uploads/EPA_RFO_Deviation_Part-43.pdf,3336181
f8ebb125020a7761_EPA_RFO_Deviation_Part-44.pdf,f8ebb125020a7761,EPA_RFO_Deviation_Part-44.pdf,EPA,44,0,https://www.acquisition.gov/sites/default/files/page_file_uploads/EPA_RFO_Deviation_Part-44.pdf,294479
b8fdfc3c67fbccc2_EPA_RFO_Deviation_Part-45.pdf,b8fdfc3c67fbccc2,EPA_RFO_Deviation_Part-45.pdf,EPA,45,0,https://www.acquisition.gov/sites/default/files/page_file_uploads/EPA_RFO_Deviation_Part-45.pdf,278995
662124120aa2f167_EPA_RFO_Deviation_Part-46.pdf,662124120aa2f167,EPA_RFO_Deviation_Part-46.pdf,EPA,46,0,https://www.acquisition.gov/sites/default/files/page_file_uploads/EPA_RFO_Deviation_Part-46.pdf,217872
4409ea184436a91c_EPA_RFO_Deviation_Part-47.pdf,4409ea184436a91c,EPA_RFO_Deviation_Part-47.pdf,EPA,47,0,https://www.acquisition.gov/sites/default/files/page_file_uploads/EPA_RFO_Deviation_Part-47.pdf,337120
c54e8d793eb22ee3_EPA_RFO_Deviation_Part-48.pdf,c54e8d793eb22ee3,EPA_RFO_Deviation_Part-48.pdf,EPA,48,0,https://www.acquisition.gov/sites/default/files/page_file_uploads/EPA_RFO_Deviation_Part-48.pdf,255027
92f3baef52a0cbc0_EPA_RFO_Deviation_Part-49.pdf,92f3baef52a0cbc0,EPA_RFO_Deviation_Part-49.pdf,EPA,49,0,https://www.acquisition.gov/sites/default/files/page_file_uploads/EPA_RFO_Deviation_Part-49.pdf,280030
7e12a41cee3dfc3f_EPA_RFO_Deviation_Part-5.pdf,7e12a41cee3dfc3f,EPA_RFO_Deviation_Part-5.pdf,EPA,5,0,https://www.acquisition.gov/sites/default/files/page_file_uploads/EPA_RFO_Deviation_Part-5.pdf,620256
252c605e0140f8c6_EPA_RFO_Deviation_Part-50.pdf,252c605e0140f8c6,EPA_RFO_Deviation_Part-50.pdf,EPA,50,0,https://www.acquisition.gov/sites/default/files/page_file_uploads/EPA_RFO_Deviation_Part-50.pdf,291724
7bbb86870538b8e2_EPA_RFO_Deviation_Part-51.pdf,7bbb86870538b8e2,EPA_RFO_Deviation_Part-51.pdf,EPA,51,0,https://www.acquisition.gov/sites/default/files/page_file_uploads/EPA_RFO_Deviation_Part-51.pdf,274280
04c844d25c2c2894_EPA_RFO_Deviation_Part-53.pdf,04c844d25c2c2894,EPA_RFO_Deviation_Part-53.pdf,EPA,53,0,https://www.acquisition.gov/sites/default/files/page_file_uploads/EPA_RFO_Deviation_Part-53.pdf,295064
835c0ae1e07e57aa_EPA_RFO_Deviation_Part-6.pdf,835c0ae1e07e57aa,EPA_RFO_Deviation_Part-6.pdf,EPA,6,0,https://www.acquisition.gov/sites/default/files/page_file_uploads/EPA_RFO_Deviation_Part-6.pdf,298518
ed3242a534510b78_EPA_RFO_Deviation_Part-7.pdf,ed3242a534510b78,EPA_RFO_Deviation_Part-7.pdf,EPA,7,0,https://www.acquisition.gov/sites/default/files/page_file_uploads/EPA_RFO_Deviation_Part-7.pdf,305096
187cddb3eca1309d_EPA_RFO_Deviation_Part-8.pdf,187cddb3eca1309d,EPA_RFO_Deviation_Part-8.pdf,EPA,8,0,https://www.acquisition.gov/sites/default/files/page_file_uploads/EPA_RFO_Deviation_Part-8.pdf,307316
c48619b52ed2a458_EPA_RFO_Deviation_Part-9.pdf,c48619b52ed2a458,EPA_RFO_Deviation_Part-9.pdf,EPA,9,0,https://www.acquisition.gov/sites/default/files/page_file_uploads/EPA_RFO_Deviation_Part-9.pdf,236663
b98c9253375b5712_FEC_RFO_Deviations_Parts-1-10-34.pdf,b98c9253375b5712,FEC_RFO_Deviations_Parts-1-10-34.pdf,FEC,1,0,https://www.acquisition.gov/sites/default/files/page_file_uploads/FEC_RFO_Deviations_Parts-1-10-34.pdf,267498
b98c9253375b5712_FEC_RFO_Deviations_Parts-1-10-34.pdf,b98c9253375b5712,FEC_RFO_Deviations_Parts-1-10-34.pdf,FEC,10,0,https://www.acquisition.gov/sites/default/files/page_file_uploads/FEC_RFO_Deviations_Parts-1-10-34.pdf,267498
b98c9253375b5712_FEC_RFO_Deviations_Parts-1-10-34.pdf,b98c9253375b5712,FEC_RFO_Deviations_Parts-1-10-34.pdf,FEC,34,0,https://www.acquisition.gov/sites/default/files/page_file_uploads/FEC_RFO_Deviations_Parts-1-10-34.pdf,267498
e44431112df201a2_FMC_RFO_Deviation_Part-1.pdf,e44431112df201a2,FMC_RFO_Deviation_Part-1.pdf,FMC,1,0,https://www.acquisition.gov/sites/default/files/page_file_uploads/FMC_RFO_Deviation_Part-1.pdf,209473
1cac809be593faae_FMC_RFO_Deviation_Part-10.pdf,1cac809be593faae,FMC_RFO_Deviation_Part-10.pdf,FMC,10,0,https://www.acquisition.gov/sites/default/files/page_file_uploads/FMC_RFO_Deviation_Part-10.pdf,298353
08254e33fba4087b_FMC_RFO_Deviation_Part-11.pdf,08254e33fba4087b,FMC_RFO_Deviation_Part-11.pdf,FMC,11,0,https://www.acquisition.gov/sites/default/files/page_file_uploads/FMC_RFO_Deviation_Part-11.pdf,397721
8eee7c9b636e3c7b_FMC_RFO_Deviation_Part-13.pdf,8eee7c9b636e3c7b,FMC_RFO_Deviation_Part-13.pdf,FMC,13,0,https://www.acquisition.gov/sites/default/files/page_file_uploads/FMC_RFO_Deviation_Part-13.pdf,235366
fbb3d481ef20070e_FMC_RFO_Deviation_Part-18.pdf,fbb3d481ef20070e,FMC_RFO_Deviation_Part-18.pdf,FMC,18,0,https://www.acquisition.gov/sites/default/files/page_file_uploads/FMC_RFO_Deviation_Part-18.pdf,252137
1001f5d0e9888fcb_FMC_RFO_Deviation_Part-34.pdf,1001f5d0e9888fcb,FMC_RFO_Deviation_Part-34.pdf,FMC,34,0,https://www.acquisition.gov/sites/default/files/page_file_uploads/FMC_RFO_Deviation_Part-34.pdf,257718
5e28051584f24e87_FMC_RFO_Deviation_Part-39.pdf,5e28051584f24e87,FMC_RFO_Deviation_Part-39.pdf,FMC,39,0,https://www.acquisition.gov/sites/default/files/page_file_uploads/FMC_RFO_Deviation_Part-39.pdf,343100
d3b4681ad4cc1be7_FMC_RFO_Deviation_Part-43.pdf,d3b4681ad4cc1be7,FMC_RFO_Deviation_Part-43.pdf,FMC,43,0,https://www.acquisition.gov/sites/default/files/page_file_uploads/FMC_RFO_Deviation_Part-43.pdf,247263
8ec4fdae44e81f0b_FMC_RFO_Deviation_Part-6.pdf,8ec4fdae44e81f0b,FMC_RFO_Deviation_Part-6.pdf,FMC,6,0,https://www.acquisition.gov/sites/default/files/page_file_uploads/FMC_RFO_Deviation_Part-6.pdf,267191
90908da4fe665a98_FMC_RFO_Deviation_Part-7.pdf,90908da4fe665a98,FMC_RFO_Deviation_Part-7.pdf,FMC,7,0,https://www.acquisition.gov/sites/default/files/page_file_uploads/FMC_RFO_Deviation_Part-7.pdf,179480
2ed3dbefdceda28b_FMC_RFO_Deviation_Part-8.pdf,2ed3dbefdceda28b,FMC_RFO_Deviation_Part-8.pdf,FMC,8,0,https://www.acquisition.gov/sites/default/files/page_file_uploads/FMC_RFO_Deviation_Part-8.pdf,232167
54ef157bfd8caa70_GSA-Final-RFO-2025-01-FAR-part-1.pdf,54ef157bfd8caa70,GSA-Final-RFO-2025-01-FAR-part-1.pdf,GSA,1,0,https://www.acquisition.gov/sites/default/files/page_file_uploads/GSA-Final-RFO-2025-01-FAR-part-1.pdf,171067
3b9dce424eb3c546_GSA-Final-RFO-2025-34-FAR-part-34.pdf,3b9dce424eb3c546,GSA-Final-RFO-2025-34-FAR-part-34.pdf,GSA,34,0,https://www.acquisition.gov/sites/default/files/page_file_uploads/GSA-Final-RFO-2025-34-FAR-part-34.pdf,173703
20da883fc4477be4_GSA_RFO_Deviation_Part-10.pdf,20da883fc4477be4,GSA_RFO_Deviation_Part-10.pdf,GSA,10,0,https://www.acquisition.gov/sites/default/files/page_file_uploads/GSA_RFO_Deviation_Part-10.pdf,265504
2c5fcf62e143866a_GSA_RFO_Deviation_Part-11.pdf,2c5fcf62e143866a,GSA_RFO_Deviation_Part-11.pdf,GSA,11,0,https://www.acquisition.gov/sites/default/files/page_file_uploads/GSA_RFO_Deviation_Part-11.pdf,269601
6c5ede5829959db8_GSA_RFO_Deviation_Part-12-Supplement.pdf,6c5ede5829959db8,GSA_RFO_Deviation_Part-12-Supplement.pdf,GSA,12,0,https://www.acquisition.gov/sites/default/files/page_file_uploads/GSA_RFO_Deviation_Part-12-Supplement.pdf,1080466
034d3df859424b9f_GSA_RFO_Deviation_Part-13_Supplement-1.pdf,034d3df859424b9f,GSA_RFO_Deviation_Part-13_Supplement-1.pdf,GSA,13,0,https://www.acquisition.gov/sites/default/files/page_file_uploads/GSA_RFO_Deviation_Part-13_Supplement-1.pdf,847534
65aea3b2f55f6c65_GSA_RFO_Deviation_Part-14.pdf,65aea3b2f55f6c65,GSA_RFO_Deviation_Part-14.pdf,GSA,14,0,https://www.acquisition.gov/sites/default/files/page_file_uploads/GSA_RFO_Deviation_Part-14.pdf,193498
a5ff2d2aba417e30_GSA_RFO_Deviation_Part-15.pdf,a5ff2d2aba417e30,GSA_RFO_Deviation_Part-15.pdf,GSA,15,0,https://www.acquisition.gov/sites/default/files/page_file_uploads/GSA_RFO_Deviation_Part-15.pdf,202635
91b0af09c32723d2_GSA_RFO_Deviation_Part-16.pdf,91b0af09c32723d2,GSA_RFO_Deviation_Part-16.pdf,GSA,16,0,https://www.acquisition.gov/sites/default/files/page_file_uploads/GSA_RFO_Deviation_Part-16.pdf,199772
b79fbeabce13c6b5_GSA_RFO_Deviation_Part-17.pdf,b79fbeabce13c6b5,GSA_RFO_Deviation_Part-17.pdf,GSA,17,0,https://www.acquisition.gov/sites/default/files/page_file_uploads/GSA_RFO_Deviation_Part-17.pdf,187239
1c7cd63514fa92f6_GSA_RFO_Deviation_Part-18.pdf,1c7cd63514fa92f6,GSA_RFO_Deviation_Part-18.pdf,GSA,18,0,https://www.acquisition.gov/sites/default/files/page_file_uploads/GSA_RFO_Deviation_Part-18.pdf,262399
a978ea86c1adc9ec_GSA_RFO_Deviation_Part-19.pdf,a978ea86c1adc9ec,GSA_RFO_Deviation_Part-19.pdf,GSA,19,0,https://www.acquisition.gov/sites/default/files/page_file_uploads/GSA_RFO_Deviation_Part-19.pdf,340474
665d3bd5363e33a2_GSA_RFO_Deviation_Part-22-Supplement.pdf,665d3bd5363e33a2,GSA_RFO_Deviation_Part-22-Supplement.pdf,GSA,22,0,https://www.acquisition.gov/sites/default/files/page_file_uploads/GSA_RFO_Deviation_Part-22-Supplement.pdf,869488
96ad8d5c55dfb155_GSA_RFO_Deviation_Part-23_Supplement-1.pdf,96ad8d5c55dfb155,GSA_RFO_Deviation_Part-23_Supplement-1.pdf,GSA,23,0,https://www.acquisition.gov/sites/default/files/page_file_uploads/GSA_RFO_Deviation_Part-23_Supplement-1.pdf,848385
a3588cce42f7fe19_GSA_RFO_Deviation_Part-24.pdf,a3588cce42f7fe19,GSA_RFO_Deviation_Part-24.pdf,GSA,24,0,https://www.acquisition.gov/sites/default/files/page_file_uploads/GSA_RFO_Deviation_Part-24.pdf,170026
e937d1123758a261_GSA_RFO_Deviation_Part-25.pdf,e937d1123758a261,GSA_RFO_Deviation_Part-25.pdf,GSA,25,0,https://www.acquisition.gov/sites/default/files/page_file_uploads/GSA_RFO_Deviation_Part-25.pdf,235899
c8fd365425fb3b3d_GSA_RFO_Deviation_Part-26.pdf,c8fd365425fb3b3d,GSA_RFO_Deviation_Part-26.pdf,GSA,26,0,https://www.acquisition.gov/sites/default/files/page_file_uploads/GSA_RFO_Deviation_Part-26.pdf,179884
477f090cebf6d954_GSA_RFO_Deviation_Part-27.pdf,477f090cebf6d954,GSA_RFO_Deviation_Part-27.pdf,GSA,27,0,https://www.acquisition.gov/sites/default/files/page_file_uploads/GSA_RFO_Deviation_Part-27.pdf,228265
75fb95c800349ed4_GSA_RFO_Deviation_Part-28.pdf,75fb95c800349ed4,GSA_RFO_Deviation_Part-28.pdf,GSA,28,0,https://www.acquisition.gov/sites/default/files/page_file_uploads/GSA_RFO_Deviation_Part-28.pdf,171285
c848673b8cc62957_GSA_RFO_Deviation_Part-29.pdf,c848673b8cc62957,GSA_RFO_Deviation_Part-29.pdf,GSA,29,0,https://www.acquisition.gov/sites/default/files/page_file_uploads/GSA_RFO_Deviation_Part-29.pdf,396913
0b031fa2e5d22789_GSA_RFO_Deviation_Part-3.pdf,0b031fa2e5d22789,GSA_RFO_Deviation_Part-3.pdf,GSA,3,0,https://www.acquisition.gov/sites/default/files/page_file_uploads/GSA_RFO_Deviation_Part-3.pdf,181591
ab20ab59bccb66d8_GSA_RFO_Deviation_Part-30.pdf,ab20ab59bccb66d8,GSA_RFO_Deviation_Part-30.pdf,GSA,30,0,https://www.acquisition.gov/sites/default/files/page_file_uploads/GSA_RFO_Deviation_Part-30.pdf,186088
f3651919b29595d2_GSA_RFO_Deviation_Part-31.pdf,f3651919b29595d2,GSA_RFO_Deviation_Part-31.pdf,GSA,31,0,https://www.acquisition.gov/sites/default/files/page_file_uploads/GSA_RFO_Deviation_Part-31.pdf,259876
6c454827e3b826f4_GSA_RFO_Deviation_Part-32.pdf,6c454827e3b826f4,GSA_RFO_Deviation_Part-32.pdf,GSA,32,0,https://www.acquisition.gov/sites/default/files/page_file_uploads/GSA_RFO_Deviation_Part-32.pdf,182306
7815b6da1367386b_GSA_RFO_Deviation_Part-33.pdf,7815b6da1367386b,GSA_RFO_Deviation_Part-33.pdf,GSA,33,0,https://www.acquisition.gov/sites/default/files/page_file_uploads/GSA_RFO_Deviation_Part-33.pdf,224249
47853f8ee5519df0_GSA_RFO_Deviation_Part-35.pdf,47853f8ee5519df0,GSA_RFO_Deviation_Part-35.pdf,GSA,35,0,https://www.acquisition.gov/sites/default/files/page_file_uploads/GSA_RFO_Deviation_Part-35.pdf,218968
dcb85e97b2df7c9a_GSA_RFO_Deviation_Part-36.pdf,dcb85e97b2df7c9a,GSA_RFO_Deviation_Part-36.pdf,GSA,36,0,https://www.acquisition.gov/sites/default/files/page_file_uploads/GSA_RFO_Deviation_Part-36.pdf,230215
4d14a859dc7e78c8_GSA_RFO_Deviation_Part-37.pdf,4d14a859dc7e78c8,GSA_RFO_Deviation_Part-37.pdf,GSA,37,0,https://www.acquisition.gov/sites/default/files/page_file_uploads/GSA_RFO_Deviation_Part-37.pdf,239943
d1be32e18f5e35b2_GSA_RFO_Deviation_Part-38.pdf,d1be32e18f5e35b2,GSA_RFO_Deviation_Part-38.pdf,GSA,38,0,https://www.acquisition.gov/sites/default/files/page_file_uploads/GSA_RFO_Deviation_Part-38.pdf,167467
ec6a05814c7888b1_GSA_RFO_Deviation_Part-39.pdf,ec6a05814c7888b1,GSA_RFO_Deviation_Part-39.pdf,GSA,39,0,https://www.acquisition.gov/sites/default/files/page_file_uploads/GSA_RFO_Deviation_Part-39.pdf,295709
1abeac768a76da00_GSA_RFO_Deviation_Part-4.pdf,1abeac768a76da00,GSA_RFO_Deviation_Part-4.pdf,GSA,4,0,https://www.acquisition.gov/sites/default/files/page_file_uploads/GSA_RFO_Deviation_Part-4.pdf,229170
26709866aa726e2c_GSA_RFO_Deviation_Part-40.pdf,26709866aa726e2c,GSA_RFO_Deviation_Part-40.pdf,GSA,40,0,https://www.acquisition.gov/sites/default/files/page_file_uploads/GSA_RFO_Deviation_Part-40.pdf,210048
eb6adf80e3b618bd_GSA_RFO_Deviation_Part-41.pdf,eb6adf80e3b618bd,GSA_RFO_Deviation_Part-41.pdf,GSA,41,0,https://www.acquisition.gov/sites/default/files/page_file_uploads/GSA_RFO_Deviation_Part-41.pdf,172076
04be6b7452e47d30_GSA_RFO_Deviation_Part-42.pdf,04be6b7452e47d30,GSA_RFO_Deviation_Part-42.pdf,GSA,42,0,https://www.acquisition.gov/sites/default/files/page_file_uploads/GSA_RFO_Deviation_Part-42.pdf,190965
b9ab78cf3dae1ac8_GSA_RFO_Deviation_Part-43.pdf,b9ab78cf3dae1ac8,GSA_RFO_Deviation_Part-43.pdf,GSA,43,0,https://www.acquisition.gov/sites/default/files/page_file_uploads/GSA_RFO_Deviation_Part-43.pdf,260657
41fbef51e9dc3e1b_GSA_RFO_Deviation_Part-44.pdf,41fbef51e9dc3e1b,GSA_RFO_Deviation_Part-44.pdf,GSA,44,0,https://www.acquisition.gov/sites/default/files/page_file_uploads/GSA_RFO_Deviation_Part-44.pdf,181408
947a31e7e87639d3_GSA_RFO_Deviation_Part-45.pdf,947a31e7e87639d3,GSA_RFO_Deviation_Part-45.pdf,GSA,45,0,https://www.acquisition.gov/sites/default/files/page_file_uploads/GSA_RFO_Deviation_Part-45.pdf,170097
d65041823523b07b_GSA_RFO_Deviation_Part-46.pdf,d65041823523b07b,GSA_RFO_Deviation_Part-46.pdf,GSA,46,0,https://www.acquisition.gov/sites/default/files/page_file_uploads/GSA_RFO_Deviation_Part-46.pdf,173455
e1a3f4450946687f_GSA_RFO_Deviation_Part-47.pdf,e1a3f4450946687f,GSA_RFO_Deviation_Part-47.pdf,GSA,47,0,https://www.acquisition.gov/sites/default/files/page_file_uploads/GSA_RFO_Deviation_Part-47.pdf,201359
3377e55cfac0dd13_GSA_RFO_Deviation_Part-48.pdf,3377e55cfac0dd13,GSA_RFO_Deviation_Part-48.pdf,GSA,48,0,https://www.acquisition.gov/sites/default/files/page_file_uploads/GSA_RFO_Deviation_Part-48.pdf,176526
0c6343bb1be8c36e_GSA_RFO_Deviation_Part-49.pdf,0c6343bb1be8c36e,GSA_RFO_Deviation_Part-49.pdf,GSA,49,0,https://www.acquisition.gov/sites/default/files/page_file_uploads/GSA_RFO_Deviation_Part-49.pdf,173870
261f3549c3758821_GSA_RFO_Deviation_Part-50.pdf,261f3549c3758821,GSA_RFO_Deviation_Part-50.pdf,GSA,50,0,https://www.acquisition.gov/sites/default/files/page_file_uploads/GSA_RFO_Deviation_Part-50.pdf,176105
5046f625b0ba14ad_GSA_RFO_Deviation_Part-51.pdf,5046f625b0ba14ad,GSA_RFO_Deviation_Part-51.pdf,GSA,51,0,https://www.acquisition.gov/sites/default/files/page_file_uploads/GSA_RFO_Deviation_Part-51.pdf,167323
85e4c920efccb8ed_GSA_RFO_Deviation_Part-53.pdf,85e4c920efccb8ed,GSA_RFO_Deviation_Part-53.pdf,GSA,53,0,https://www.acquisition.gov/sites/default/files/page_file_uploads/GSA_RFO_Deviation_Part-53.pdf,172245
ebc6bb3e3d2c0d64_GSA_RFO_Deviation_Part-5_Supplement-1.pdf,ebc6bb3e3d2c0d64,GSA_RFO_Deviation_Part-5_Supplement-1.pdf,GSA,5,0,https://www.acquisition.gov/sites/default/files/page_file_uploads/GSA_RFO_Deviation_Part-5_Supplement-1.pdf,796198
3f1f4dfe96e26058_GSA_RFO_Deviation_Part-6.pdf,3f1f4dfe96e26058,GSA_RFO_Deviation_Part-6.pdf,GSA,6,0,https://www.acquisition.gov/sites/default/files/page_file_uploads/GSA_RFO_Deviation_Part-6.pdf,295744
9724acc6b2cdaf42_GSA_RFO_Deviation_Part-7.pdf,9724acc6b2cdaf42,GSA_RFO_Deviation_Part-7.pdf,GSA,7,0,https://www.acquisition.gov/sites/default/files/page_file_uploads/GSA_RFO_Deviation_Part-7.pdf,186126
8152dbfb7e39fc91_GSA_RFO_Deviation_Part-8_Supplement-1.pdf,8152dbfb7e39fc91,GSA_RFO_Deviation_Part-8_Supplement-1.pdf,GSA,8,0,https://www.acquisition.gov/sites/default/files/page_file_uploads/GSA_RFO_Deviation_Part-8_Supplement-1.pdf,810778
dd19d84272ae3832_GSA_RFO_Deviation_Part-9-Supplement.pdf,dd19d84272ae3832,GSA_RFO_Deviation_Part-9-Supplement.pdf,GSA,9,0,https://www.acquisition.gov/sites/default/files/page_file_uploads/GSA_RFO_Deviation_Part-9-Supplement.pdf,1064597
2fa6f11a68a3d9c6_GSA_RFO_FSS-Ordering-Procedures_538.pdf,2fa6f11a68a3d9c6,GSA_RFO_FSS-Ordering-Procedures_538.pdf,GSA,-1,0,https://www.acquisition.gov/sites/default/files/page_file_uploads/GSA_RFO_FSS-Ordering-Procedures_538.pdf,189441
d81940a7a87b6410_HHS_RFO_Deviation_Part-10_0.pdf,d81940a7a87b6410,HHS_RFO_Deviation_Part-10_0.pdf,HHS,0,0,https://www.acquisition.gov/sites/default/files/page_file_uploads/HHS_RFO_Deviation_Part-10_0.pdf,151428
d81940a7a87b6410_HHS_RFO_Deviation_Part-10_0.pdf,d81940a7a87b6410,HHS_RFO_Deviation_Part-10_0.pdf,HHS,10,0,https://www.acquisition.gov/sites/default/files/page_file_uploads/HHS_RFO_Deviation_Part-10_0.pdf,151428
ebaaa0f9cd987e75_HHS_RFO_Deviation_Part-19.pdf,ebaaa0f9cd987e75,HHS_RFO_Deviation_Part-19.pdf,HHS,19,0,https://www.acquisition.gov/sites/default/files/page_file_uploads/HHS_RFO_Deviation_Part-19.pdf,623492
2cf6c903aeb24e9d_HHS_RFO_Deviation_Part-3-17-27-45and52.pdf,2cf6c903aeb24e9d,HHS_RFO_Deviation_Part-3-17-27-45and52.pdf,HHS,3,0,https://www.acquisition.gov/sites/default/files/page_file_uploads/HHS_RFO_Deviation_Part-3-17-27-45and52.pdf,593611
2cf6c903aeb24e9d_HHS_RFO_Deviation_Part-3-17-27-45and52.pdf,2cf6c903aeb24e9d,HHS_RFO_Deviation_Part-3-17-27-45and52.pdf,HHS,17,0,https://www.acquisition.gov/sites/default/files/page_file_uploads/HHS_RFO_Deviation_Part-3-17-27-45and52.pdf,593611
2cf6c903aeb24e9d_HHS_RFO_Deviation_Part-3-17-27-45and52.pdf,2cf6c903aeb24e9d,HHS_RFO_Deviation_Part-3-17-27-45and52.pdf,HHS,27,0,https://www.acquisition.gov/sites/default/files/page_file_uploads/HHS_RFO_Deviation_Part-3-17-27-45and52.pdf,593611
2cf6c903aeb24e9d_HHS_RFO_Deviation_Part-3-17-27-45and52.pdf,2cf6c903aeb24e9d,HHS_RFO_Deviation_Part-3-17-27-45and52.pdf,HHS,45,0,https://www.acquisition.gov/sites/default/files/page_file_uploads/HHS_RFO_Deviation_Part-3-17-27-45and52.pdf,593611
2cf6c903aeb24e9d_HHS_RFO_Deviation_Part-3-17-27-45and52.pdf,2cf6c903aeb24e9d,HHS_RFO_Deviation_Part-3-17-27-45and52.pdf,HHS,52,0,https://www.acquisition.gov/sites/default/files/page_file_uploads/HHS_RFO_Deviation_Part-3-17-27-45and52.pdf,593611
5bbc606bcdaf0981_HHS_RFO_Deviation_Part-35-36-50and52.pdf,5bbc606bcdaf0981,HHS_RFO_Deviation_Part-35-36-50and52.pdf,HHS,35,0,https://www.acquisition.gov/sites/default/files/page_file_uploads/HHS_RFO_Deviation_Part-35-36-50and52.pdf,222946
5bbc606bcdaf0981_HHS_RFO_Deviation_Part-35-36-50and52.pdf,5bbc606bcdaf0981,HHS_RFO_Deviation_Part-35-36-50and52.pdf,HHS,36,0,https://www.acquisition.gov/sites/default/files/page_file_uploads/HHS_RFO_Deviation_Part-35-36-50and52.pdf,222946
5bbc606bcdaf0981_HHS_RFO_Deviation_Part-35-36-50and52.pdf,5bbc606bcdaf0981,HHS_RFO_Deviation_Part-35-36-50and52.pdf,HHS,50,0,https://www.acquisition.gov/sites/default/files/page_file_uploads/HHS_RFO_Deviation_Part-35-36-50and52.pdf,222946
5bbc606bcdaf0981_HHS_RFO_Deviation_Part-35-36-50and52.pdf,5bbc606bcdaf0981,HHS_RFO_Deviation_Part-35-36-50and52.pdf,HHS,52,0,https://www.acquisition.gov/sites/default/files/page_file_uploads/HHS_RFO_Deviation_Part-35-36-50and52.pdf,222946
2c1c296d4532f848_HHS_RFO_Deviation_Part-4-8-12-38-40-51and52.pdf,2c1c296d4532f848,HHS_RFO_Deviation_Part-4-8-12-38-40-51and52.pdf,HHS,4,0,https://www.acquisition.gov/sites/default/files/page_file_uploads/HHS_RFO_Deviation_Part-4-8-12-38-40-51and52.pdf,325788
2c1c296d4532f848_HHS_RFO_Deviation_Part-4-8-12-38-40-51and52.pdf,2c1c296d4532f848,HHS_RFO_Deviation_Part-4-8-12-38-40-51and52.pdf,HHS,8,0,https://www.acquisition.gov/sites/default/files/page_file_uploads/HHS_RFO_Deviation_Part-4-8-12-38-40-51and52.pdf,325788
2c1c296d4532f848_HHS_RFO_Deviation_Part-4-8-12-38-40-51and52.pdf,2c1c296d4532f848,HHS_RFO_Deviation_Part-4-8-12-38-40-51and52.pdf,HHS,12,0,https://www.acquisition.gov/sites/default/files/page_file_uploads/HHS_RFO_Deviation_Part-4-8-12-38-40-51and52.pdf,325788
2c1c296d4532f848_HHS_RFO_Deviation_Part-4-8-12-38-40-51and52.pdf,2c1c296d4532f848,HHS_RFO_Deviation_Part-4-8-12-38-40-51and52.pdf,HHS,38,0,https://www.acquisition.gov/sites/default/files/page_file_uploads/HHS_RFO_Deviation_Part-4-8-12-38-40-51and52.pdf,325788
2c1c296d4532f848_HHS_RFO_Deviation_Part-4-8-12-38-40-51and52.pdf,2c1c296d4532f848,HHS_RFO_Deviation_Part-4-8-12-38-40-51and52.pdf,HHS,40,0,https://www.acquisition.gov/sites/default/files/page_file_uploads/HHS_RFO_Deviation_Part-4-8-12-38-40-51and52.pdf,325788
2c1c296d4532f848_HHS_RFO_Deviation_Part-4-8-12-38-40-51and52.pdf,2c1c296d4532f848,HHS_RFO_Deviation_Part-4-8-12-38-40-51and52.pdf,HHS,51,0,https://www.acquisition.gov/sites/default/files/page_file_uploads/HHS_RFO_Deviation_Part-4-8-12-38-40-51and52.pdf,325788
2c1c296d4532f848_HHS_RFO_Deviation_Part-4-8-12-38-40-51and52.pdf,2c1c296d4532f848,HHS_RFO_Deviation_Part-4-8-12-38-40-51and52.pdf,HHS,52,0,https://www.acquisition.gov/sites/default/files/page_file_uploads/HHS_RFO_Deviation_Part-4-8-12-38-40-51and52.pdf,325788
dfe3adc9b8b8677e_HHS_RFO_Deviation_Part-6-11-18-39-43and52.pdf,dfe3adc9b8b8677e,HHS_RFO_Deviation_Part-6-11-18-39-43and52.pdf,HHS,6,0,https://www.acquisition.gov/sites/default/files/page_file_uploads/HHS_RFO_Deviation_Part-6-11-18-39-43and52.pdf,666070
dfe3adc9b8b8677e_HHS_RFO_Deviation_Part-6-11-18-39-43and52.pdf,dfe3adc9b8b8677e,HHS_RFO_Deviation_Part-6-11-18-39-43and52.pdf,HHS,11,0,https://www.acquisition.gov/sites/default/files/page_file_uploads/HHS_RFO_Deviation_Part-6-11-18-39-43and52.pdf,666070
dfe3adc9b8b8677e_HHS_RFO_Deviation_Part-6-11-18-39-43and52.pdf,dfe3adc9b8b8677e,HHS_RFO_Deviation_Part-6-11-18-39-43and52.pdf,HHS,18,0,https://www.acquisition.gov/sites/default/files/page_file_uploads/HHS_RFO_Deviation_Part-6-11-18-39-43and52.pdf,666070
dfe3adc9b8b8677e_HHS_RFO_Deviation_Part-6-11-18-39-43and52.pdf,dfe3adc9b8b8677e,HHS_RFO_Deviation_Part-6-11-18-39-43and52.pdf,HHS,39,0,https://www.acquisition.gov/sites/default/files/page_file_uploads/HHS_RFO_Deviation_Part-6-11-18-39-43and52.pdf,666070
dfe3adc9b8b8677e_HHS_RFO_Deviation_Part-6-11-18-39-43and52.pdf,dfe3adc9b8b8677e,HHS_RFO_Deviation_Part-6-11-18-39-43and52.pdf,HHS,43,0,https://www.acquisition.gov/sites/default/files/page_file_uploads/HHS_RFO_Deviation_Part-6-11-18-39-43and52.pdf,666070
dfe3adc9b8b8677e_HHS_RFO_Deviation_Part-6-11-18-39-43and52.pdf,dfe3adc9b8b8677e,HHS_RFO_Deviation_Part-6-11-18-39-43and52.pdf,HHS,52,0,https://www.acquisition.gov/sites/default/files/page_file_uploads/HHS_RFO_Deviation_Part-6-11-18-39-43and52.pdf,666070
5192c9f9e76b3d54_HHS_RFO_Deviation_Part-7-24-28-30-44-48and52.pdf,5192c9f9e76b3d54,HHS_RFO_Deviation_Part-7-24-28-30-44-48and52.pdf,HHS,7,0,https://www.acquisition.gov/sites/default/files/page_file_uploads/HHS_RFO_Deviation_Part-7-24-28-30-44-48and52.pdf,588782
5192c9f9e76b3d54_HHS_RFO_Deviation_Part-7-24-28-30-44-48and52.pdf,5192c9f9e76b3d54,HHS_RFO_Deviation_Part-7-24-28-30-44-48and52.pdf,HHS,24,0,https://www.acquisition.gov/sites/default/files/page_file_uploads/HHS_RFO_Deviation_Part-7-24-28-30-44-48and52.pdf,588782
5192c9f9e76b3d54_HHS_RFO_Deviation_Part-7-24-28-30-44-48and52.pdf,5192c9f9e76b3d54,HHS_RFO_Deviation_Part-7-24-28-30-44-48and52.pdf,HHS,28,0,https://www.acquisition.gov/sites/default/files/page_file_uploads/HHS_RFO_Deviation_Part-7-24-28-30-44-48and52.pdf,588782
5192c9f9e76b3d54_HHS_RFO_Deviation_Part-7-24-28-30-44-48and52.pdf,5192c9f9e76b3d54,HHS_RFO_Deviation_Part-7-24-28-30-44-48and52.pdf,HHS,30,0,https://www.acquisition.gov/sites/default/files/page_file_uploads/HHS_RFO_Deviation_Part-7-24-28-30-44-48and52.pdf,588782
5192c9f9e76b3d54_HHS_RFO_Deviation_Part-7-24-28-30-44-48and52.pdf,5192c9f9e76b3d54,HHS_RFO_Deviation_Part-7-24-28-30-44-48and52.pdf,HHS,44,0,https://www.acquisition.gov/sites/default/files/page_file_uploads/HHS_RFO_Deviation_Part-7-24-28-30-44-48and52.pdf,588782
5192c9f9e76b3d54_HHS_RFO_Deviation_Part-7-24-28-30-44-48and52.pdf,5192c9f9e76b3d54,HHS_RFO_Deviation_Part-7-24-28-30-44-48and52.pdf,HHS,48,0,https://www.acquisition.gov/sites/default/files/page_file_uploads/HHS_RFO_Deviation_Part-7-24-28-30-44-48and52.pdf,588782
5192c9f9e76b3d54_HHS_RFO_Deviation_Part-7-24-28-30-44-48and52.pdf,5192c9f9e76b3d54,HHS_RFO_Deviation_Part-7-24-28-30-44-48and52.pdf,HHS,52,0,https://www.acquisition.gov/sites/default/files/page_file_uploads/HHS_RFO_Deviation_Part-7-24-28-30-44-48and52.pdf,588782
789bbb57615202d2_HHS_RFO_Deviation_Part-9-33-46-49and52.pdf,789bbb57615202d2,HHS_RFO_Deviation_Part-9-33-46-49and52.pdf,HHS,9,0,https://www.acquisition.gov/sites/default/files/page_file_uploads/HHS_RFO_Deviation_Part-9-33-46-49and52.pdf,509544
789bbb57615202d2_HHS_RFO_Deviation_Part-9-33-46-49and52.pdf,789bbb57615202d2,HHS_RFO_Deviation_Part-9-33-46-49and52.pdf,HHS,33,0,https://www.acquisition.gov/sites/default/files/page_file_uploads/HHS_RFO_Deviation_Part-9-33-46-49and52.pdf,509544
789bbb57615202d2_HHS_RFO_Deviation_Part-9-33-46-49and52.pdf,789bbb57615202d2,HHS_RFO_Deviation_Part-9-33-46-49and52.pdf,HHS,46,0,https://www.acquisition.gov/sites/default/files/page_file_uploads/HHS_RFO_Deviation_Part-9-33-46-49and52.pdf,509544
789bbb57615202d2_HHS_RFO_Deviation_Part-9-33-46-49and52.pdf,789bbb57615202d2,HHS_RFO_Deviation_Part-9-33-46-49and52.pdf,HHS,49,0,https://www.acquisition.gov/sites/default/files/page_file_uploads/HHS_RFO_Deviation_Part-9-33-46-49and52.pdf,509544
789bbb57615202d2_HHS_RFO_Deviation_Part-9-33-46-49and52.pdf,789bbb57615202d2,HHS_RFO_Deviation_Part-9-33-46-49and52.pdf,HHS,52,0,https://www.acquisition.gov/sites/default/files/page_file_uploads/HHS_RFO_Deviation_Part-9-33-46-49and52.pdf,509544
84997c48172160d0_HHS_RFO_Deviation_Parts-13-14-15-16-19-22-23-25-32-37-41-42-47-52-53.pdf,84997c48172160d0,HHS_RFO_Deviation_Parts-13-14-15-16-19-22-23-25-32-37-41-42-47-52-53.pdf,HHS,13,0,https://www.acquisition.gov/sites/default/files/page_file_uploads/HHS_RFO_Deviation_Parts-13-14-15-16-19-22-23-25-32-37-41-42-47-52-53.pdf,760250
84997c48172160d0_HHS_RFO_Deviation_Parts-13-14-15-16-19-22-23-25-32-37-41-42-47-52-53.pdf,84997c48172160d0,HHS_RFO_Deviation_Parts-13-14-15-16-19-22-23-25-32-37-41-42-47-52-53.pdf,HHS,14,0,https://www.acquisition.gov/sites/default/files/page_file_uploads/HHS_RFO_Deviation_Parts-13-14-15-16-19-22-23-25-32-37-41-42-47-52-53.pdf,760250
84997c48172160d0_HHS_RFO_Deviation_Parts-13-14-15-16-19-22-23-25-32-37-41-42-47-52-53.pdf,84997c48172160d0,HHS_RFO_Deviation_Parts-13-14-15-16-19-22-23-25-32-37-41-42-47-52-53.pdf,HHS,15,0,https://www.acquisition.gov/sites/default/files/page_file_uploads/HHS_RFO_Deviation_Parts-13-14-15-16-19-22-23-25-32-37-41-42-47-52-53.pdf,760250
84997c48172160d0_HHS_RFO_Deviation_Parts-13-14-15-16-19-22-23-25-32-37-41-42-47-52-53.pdf,84997c48172160d0,HHS_RFO_Deviation_Parts-13-14-15-16-19-22-23-25-32-37-41-42-47-52-53.pdf,HHS,16,0,https://www.acquisition.gov/sites/default/files/page_file_uploads/HHS_RFO_Deviation_Parts-13-14-15-16-19-22-23-25-32-37-41-42-47-52-53.pdf,760250
84997c48172160d0_HHS_RFO_Deviation_Parts-13-14-15-16-19-22-23-25-32-37-41-42-47-52-53.pdf,84997c48172160d0,HHS_RFO_Deviation_Parts-13-14-15-16-19-22-23-25-32-37-41-42-47-52-53.pdf,HHS,19,0,https://www.acquisition.gov/sites/default/files/page_file_uploads/HHS_RFO_Deviation_Parts-13-14-15-16-19-22-23-25-32-37-41-42-47-52-53.pdf,760250
84997c48172160d0_HHS_RFO_Deviation_Parts-13-14-15-16-19-22-23-25-32-37-41-42-47-52-53.pdf,84997c48172160d0,HHS_RFO_Deviation_Parts-13-14-15-16-19-22-23-25-32-37-41-42-47-52-53.pdf,HHS,22,0,https://www.acquisition.gov/sites/default/files/page_file_uploads/HHS_RFO_Deviation_Parts-13-14-15-16-19-22-23-25-32-37-41-42-47-52-53.pdf,760250
84997c48172160d0_HHS_RFO_Deviation_Parts-13-14-15-16-19-22-23-25-32-37-41-42-47-52-53.pdf,84997c48172160d0,HHS_RFO_Deviation_Parts-13-14-15-16-19-22-23-25-32-37-41-42-47-52-53.pdf,HHS,23,0,https://www.acquisition.gov/sites/default/files/page_file_uploads/HHS_RFO_Deviation_Parts-13-14-15-16-19-22-23-25-32-37-41-42-47-52-53.pdf,760250
84997c48172160d0_HHS_RFO_Deviation_Parts-13-14-15-16-19-22-23-25-32-37-41-42-47-52-53.pdf,84997c48172160d0,HHS_RFO_Deviation_Parts-13-14-15-16-19-22-23-25-32-37-41-42-47-52-53.pdf,HHS,25,0,https://www.acquisition.gov/sites/default/files/page_file_uploads/HHS_RFO_Deviation_Parts-13-14-15-16-19-22-23-25-32-37-41-42-47-52-53.pdf,760250
84997c48172160d0_HHS_RFO_Deviation_Parts-13-14-15-16-19-22-23-25-32-37-41-42-47-52-53.pdf,84997c48172160d0,HHS_RFO_Deviation_Parts-13-14-15-16-19-22-23-25-32-37-41-42-47-52-53.pdf,HHS,32,0,https://www.acquisition.gov/sites/default/files/page_file_uploads/HHS_RFO_Deviation_Parts-13-14-15-16-19-22-23-25-32-37-41-42-47-52-53.pdf,760250
84997c48172160d0_HHS_RFO_Deviation_Parts-13-14-15-16-19-22-23-25-32-37-41-42-47-52-53.pdf,84997c48172160d0,HHS_RFO_Deviation_Parts-13-14-15-16-19-22-23-25-32-37-41-42-47-52-53.pdf,HHS,37,0,https://www.acquisition.gov/sites/default/files/page_file_uploads/HHS_RFO_Deviation_Parts-13-14-15-16-19-22-23-25-32-37-41-42-47-52-53.pdf,760250
84997c48172160d0_HHS_RFO_Deviation_Parts-13-14-15-16-19-22-23-25-32-37-41-42-47-52-53.pdf,84997c48172160d0,HHS_RFO_Deviation_Parts-13-14-15-16-19-22-23-25-32-37-41-42-47-52-53.pdf,HHS,41,0,https://www.acquisition.gov/sites/default/files/page_file_uploads/HHS_RFO_Deviation_Parts-13-14-15-16-19-22-23-25-32-37-41-42-47-52-53.pdf,760250
84997c48172160d0_HHS_RFO_Deviation_Parts-13-14-15-16-19-22-23-25-32-37-41-42-47-52-53.pdf,84997c48172160d0,HHS_RFO_Deviation_Parts-13-14-15-16-19-22-23-25-32-37-41-42-47-52-53.pdf,HHS,42,0,https://www.acquisition.gov/sites/default/files/page_file_uploads/HHS_RFO_Deviation_Parts-13-14-15-16-19-22-23-25-32-37-41-42-47-52-53.pdf,760250
84997c48172160d0_HHS_RFO_Deviation_Parts-13-14-15-16-19-22-23-25-32-37-41-42-47-52-53.pdf,84997c48172160d0,HHS_RFO_Deviation_Parts-13-14-15-16-19-22-23-25-32-37-41-42-47-52-53.pdf,HHS,47,0,https://www.acquisition.gov/sites/default/files/page_file_uploads/HHS_RFO_Deviation_Parts-13-14-15-16-19-22-23-25-32-37-41-42-47-52-53.pdf,760250
84997c48172160d0_HHS_RFO_Deviation_Parts-13-14-15-16-19-22-23-25-32-37-41-42-47-52-53.pdf,84997c48172160d0,HHS_RFO_Deviation_Parts-13-14-15-16-19-22-23-25-32-37-41-42-47-52-53.pdf,HHS,52,0,https://www.acquisition.gov/sites/default/files/page_file_uploads/HHS_RFO_Deviation_Parts-13-14-15-16-19-22-23-25-32-37-41-42-47-52-53.pdf,760250
84997c48172160d0_HHS_RFO_Deviation_Parts-13-14-15-16-19-22-23-25-32-37-41-42-47-52-53.pdf,84997c48172160d0,HHS_RFO_Deviation_Parts-13-14-15-16-19-22-23-25-32-37-41-42-47-52-53.pdf,HHS,53,0,https://www.acquisition.gov/sites/default/files/page_file_uploads/HHS_RFO_Deviation_Parts-13-14-15-16-19-22-23-25-32-37-41-42-47-52-53.pdf,760250
221fe0fd383eac8a_HHS_RFO_Deviation_Parts-1and34.pdf,221fe0fd383eac8a,HHS_RFO_Deviation_Parts-1and34.pdf,HHS,1,0,https://www.acquisition.gov/sites/default/files/page_file_uploads/HHS_RFO_Deviation_Parts-1and34.pdf,133220
221fe0fd383eac8a_HHS_RFO_Deviation_Parts-1and34.pdf,221fe0fd383eac8a,HHS_RFO_Deviation_Parts-1and34.pdf,HHS,34,0,https://www.acquisition.gov/sites/default/files/page_file_uploads/HHS_RFO_Deviation_Parts-1and34.pdf,133220
029666e86aaf98ea_HHS_RFO_Deviation_Parts-29-31and52.pdf,029666e86aaf98ea,HHS_RFO_Deviation_Parts-29-31and52.pdf,HHS,29,0,https://www.acquisition.gov/sites/default/files/page_file_uploads/HHS_RFO_Deviation_Parts-29-31and52.pdf,460075
029666e86aaf98ea_HHS_RFO_Deviation_Parts-29-31and52.pdf,029666e86aaf98ea,HHS_RFO_Deviation_Parts-29-31and52.pdf,HHS,31,0,https://www.acquisition.gov/sites/default/files/page_file_uploads/HHS_RFO_Deviation_Parts-29-31and52.pdf,460075
029666e86aaf98ea_HHS_RFO_Deviation_Parts-29-31and52.pdf,029666e86aaf98ea,HHS_RFO_Deviation_Parts-29-31and52.pdf,HHS,52,0,https://www.acquisition.gov/sites/default/files/page_file_uploads/HHS_RFO_Deviation_Parts-29-31and52.pdf,460075
5ff7b238e5b8a544_HHS_RFO_Deviation_Parts-5-26and52.pdf,5ff7b238e5b8a544,HHS_RFO_Deviation_Parts-5-26and52.pdf,HHS,5,0,https://www.acquisition.gov/sites/default/files/page_file_uploads/HHS_RFO_Deviation_Parts-5-26and52.pdf,238881
5ff7b238e5b8a544_HHS_RFO_Deviation_Parts-5-26and52.pdf,5ff7b238e5b8a544,HHS_RFO_Deviation_Parts-5-26and52.pdf,HHS,26,0,https://www.acquisition.gov/sites/default/files/page_file_uploads/HHS_RFO_Deviation_Parts-5-26and52.pdf,238881
5ff7b238e5b8a544_HHS_RFO_Deviation_Parts-5-26and52.pdf,5ff7b238e5b8a544,HHS_RFO_Deviation_Parts-5-26and52.pdf,HHS,52,0,https://www.acquisition.gov/sites/default/files/page_file_uploads/HHS_RFO_Deviation_Parts-5-26and52.pdf,238881
4770cb8e801d4fb2_HUD_RFO_Deviation-Part-16.pdf,4770cb8e801d4fb2,HUD_RFO_Deviation-Part-16.pdf,HUD,16,0,https://www.acquisition.gov/sites/default/files/page_file_uploads/HUD_RFO_Deviation-Part-16.pdf,337405
586743ba01c9af39_HUD_RFO_Deviation-Part-19.pdf,586743ba01c9af39,HUD_RFO_Deviation-Part-19.pdf,HUD,19,0,https://www.acquisition.gov/sites/default/files/page_file_uploads/HUD_RFO_Deviation-Part-19.pdf,361679
a18303a7528d592b_HUD_RFO_Deviation-Part-22.pdf,a18303a7528d592b,HUD_RFO_Deviation-Part-22.pdf,HUD,22,0,https://www.acquisition.gov/sites/default/files/page_file_uploads/HUD_RFO_Deviation-Part-22.pdf,189458
4753fe0f6f7850d4_HUD_RFO_Deviation-Part-23.pdf,4753fe0f6f7850d4,HUD_RFO_Deviation-Part-23.pdf,HUD,23,0,https://www.acquisition.gov/sites/default/files/page_file_uploads/HUD_RFO_Deviation-Part-23.pdf,347905
60c98d70e9703054_HUD_RFO_Deviation-Part-25.pdf,60c98d70e9703054,HUD_RFO_Deviation-Part-25.pdf,HUD,25,0,https://www.acquisition.gov/sites/default/files/page_file_uploads/HUD_RFO_Deviation-Part-25.pdf,336078
ce04a61cc4393264_HUD_RFO_Deviation-Part-48.pdf,ce04a61cc4393264,HUD_RFO_Deviation-Part-48.pdf,HUD,48,0,https://www.acquisition.gov/sites/default/files/page_file_uploads/HUD_RFO_Deviation-Part-48.pdf,311114
bfb96d3bde6d4cd1_HUD_RFO_Deviation-Part-49.pdf,bfb96d3bde6d4cd1,HUD_RFO_Deviation-Part-49.pdf,HUD,49,0,https://www.acquisition.gov/sites/default/files/page_file_uploads/HUD_RFO_Deviation-Part-49.pdf,305313
ebdd481a915f66de_HUD_RFO_Deviation-Part-51.pdf,ebdd481a915f66de,HUD_RFO_Deviation-Part-51.pdf,HUD,51,0,https://www.acquisition.gov/sites/default/files/page_file_uploads/HUD_RFO_Deviation-Part-51.pdf,299127
06a954f77755f51b_HUD_RFO_Deviation_Part-10.pdf,06a954f77755f51b,HUD_RFO_Deviation_Part-10.pdf,HUD,10,0,https://www.acquisition.gov/sites/default/files/page_file_uploads/HUD_RFO_Deviation_Part-10.pdf,140514
695129e23a83e846_HUD_RFO_Deviation_Part-11.pdf,695129e23a83e846,HUD_RFO_Deviation_Part-11.pdf,HUD,11,0,https://www.acquisition.gov/sites/default/files/page_file_uploads/HUD_RFO_Deviation_Part-11.pdf,370217
90b8542164976063_HUD_RFO_Deviation_Part-12.pdf,90b8542164976063,HUD_RFO_Deviation_Part-12.pdf,HUD,12,0,https://www.acquisition.gov/sites/default/files/page_file_uploads/HUD_RFO_Deviation_Part-12.pdf,202904
57229a96ed8831cc_HUD_RFO_Deviation_Part-13.pdf,57229a96ed8831cc,HUD_RFO_Deviation_Part-13.pdf,HUD,13,0,https://www.acquisition.gov/sites/default/files/page_file_uploads/HUD_RFO_Deviation_Part-13.pdf,337459
2cd997d374b29b5f_HUD_RFO_Deviation_Part-14.pdf,2cd997d374b29b5f,HUD_RFO_Deviation_Part-14.pdf,HUD,14,0,https://www.acquisition.gov/sites/default/files/page_file_uploads/HUD_RFO_Deviation_Part-14.pdf,335993
eefd6b8fa2ea2b74_HUD_RFO_Deviation_Part-15.pdf,eefd6b8fa2ea2b74,HUD_RFO_Deviation_Part-15.pdf,HUD,15,0,https://www.acquisition.gov/sites/default/files/page_file_uploads/HUD_RFO_Deviation_Part-15.pdf,356010
d840464295beab24_HUD_RFO_Deviation_Part-17.pdf,d840464295beab24,HUD_RFO_Deviation_Part-17.pdf,HUD,17,0,https://www.acquisition.gov/sites/default/files/page_file_uploads/HUD_RFO_Deviation_Part-17.pdf,338405
dcf7053a61ac0868_HUD_RFO_Deviation_Part-18.pdf,dcf7053a61ac0868,HUD_RFO_Deviation_Part-18.pdf,HUD,18,0,https://www.acquisition.gov/sites/default/files/page_file_uploads/HUD_RFO_Deviation_Part-18.pdf,338875
6c6b2e26ccb3d1a5_HUD_RFO_Deviation_Part-1_0.pdf,6c6b2e26ccb3d1a5,HUD_RFO_Deviation_Part-1_0.pdf,HUD,0,0,https://www.acquisition.gov/sites/default/files/page_file_uploads/HUD_RFO_Deviation_Part-1_0.pdf,235655
6c6b2e26ccb3d1a5_HUD_RFO_Deviation_Part-1_0.pdf,6c6b2e26ccb3d1a5,HUD_RFO_Deviation_Part-1_0.pdf,HUD,1,0,https://www.acquisition.gov/sites/default/files/page_file_uploads/HUD_RFO_Deviation_Part-1_0.pdf,235655
06d92d8561c0170a_HUD_RFO_Deviation_Part-24.pdf,06d92d8561c0170a,HUD_RFO_Deviation_Part-24.pdf,HUD,24,0,https://www.acquisition.gov/sites/default/files/page_file_uploads/HUD_RFO_Deviation_Part-24.pdf,301456
2509a679aab3788e_HUD_RFO_Deviation_Part-26.pdf,2509a679aab3788e,HUD_RFO_Deviation_Part-26.pdf,HUD,26,0,https://www.acquisition.gov/sites/default/files/page_file_uploads/HUD_RFO_Deviation_Part-26.pdf,323733
d664027b419072ac_HUD_RFO_Deviation_Part-27.pdf,d664027b419072ac,HUD_RFO_Deviation_Part-27.pdf,HUD,27,0,https://www.acquisition.gov/sites/default/files/page_file_uploads/HUD_RFO_Deviation_Part-27.pdf,323438
fef15ed0e55fa6ae_HUD_RFO_Deviation_Part-28.pdf,fef15ed0e55fa6ae,HUD_RFO_Deviation_Part-28.pdf,HUD,28,0,https://www.acquisition.gov/sites/default/files/page_file_uploads/HUD_RFO_Deviation_Part-28.pdf,302303
63fed9e568dc5b15_HUD_RFO_Deviation_Part-29.pdf,63fed9e568dc5b15,HUD_RFO_Deviation_Part-29.pdf,HUD,29,0,https://www.acquisition.gov/sites/default/files/page_file_uploads/HUD_RFO_Deviation_Part-29.pdf,348448
efbd77665b82f187_HUD_RFO_Deviation_Part-3.pdf,efbd77665b82f187,HUD_RFO_Deviation_Part-3.pdf,HUD,3,0,https://www.acquisition.gov/sites/default/files/page_file_uploads/HUD_RFO_Deviation_Part-3.pdf,318736
595f883c909cea8b_HUD_RFO_Deviation_Part-30.pdf,595f883c909cea8b,HUD_RFO_Deviation_Part-30.pdf,HUD,30,0,https://www.acquisition.gov/sites/default/files/page_file_uploads/HUD_RFO_Deviation_Part-30.pdf,320482
19cf20fc6485cd1f_HUD_RFO_Deviation_Part-31.pdf,19cf20fc6485cd1f,HUD_RFO_Deviation_Part-31.pdf,HUD,31,0,https://www.acquisition.gov/sites/default/files/page_file_uploads/HUD_RFO_Deviation_Part-31.pdf,310381
628c2b6b198657a6_HUD_RFO_Deviation_Part-32.pdf,628c2b6b198657a6,HUD_RFO_Deviation_Part-32.pdf,HUD,32,0,https://www.acquisition.gov/sites/default/files/page_file_uploads/HUD_RFO_Deviation_Part-32.pdf,329951
f5d3ee885572825e_HUD_RFO_Deviation_Part-33.pdf,f5d3ee885572825e,HUD_RFO_Deviation_Part-33.pdf,HUD,33,0,https://www.acquisition.gov/sites/default/files/page_file_uploads/HUD_RFO_Deviation_Part-33.pdf,337739
3f179fda686d852d_HUD_RFO_Deviation_Part-34_0.pdf,3f179fda686d852d,HUD_RFO_Deviation_Part-34_0.pdf,HUD,0,0,https://www.acquisition.gov/sites/default/files/page_file_uploads/HUD_RFO_Deviation_Part-34_0.pdf,235409
3f179fda686d852d_HUD_RFO_Deviation_Part-34_0.pdf,3f179fda686d852d,HUD_RFO_Deviation_Part-34_0.pdf,HUD,34,0,https://www.acquisition.gov/sites/default/files/page_file_uploads/HUD_RFO_Deviation_Part-34_0.pdf,235409
e2e704296e691ac0_HUD_RFO_Deviation_Part-35.pdf,e2e704296e691ac0,HUD_RFO_Deviation_Part-35.pdf,HUD,35,0,https://www.acquisition.gov/sites/default/files/page_file_uploads/HUD_RFO_Deviation_Part-35.pdf,324801
d2355f99fcc22985_HUD_RFO_Deviation_Part-36.pdf,d2355f99fcc22985,HUD_RFO_Deviation_Part-36.pdf,HUD,36,0,https://www.acquisition.gov/sites/default/files/page_file_uploads/HUD_RFO_Deviation_Part-36.pdf,334248
a43b3505a8c25232_HUD_RFO_Deviation_Part-37.pdf,a43b3505a8c25232,HUD_RFO_Deviation_Part-37.pdf,HUD,37,0,https://www.acquisition.gov/sites/default/files/page_file_uploads/HUD_RFO_Deviation_Part-37.pdf,357293
0585d1031fbae196_HUD_RFO_Deviation_Part-38.pdf,0585d1031fbae196,HUD_RFO_Deviation_Part-38.pdf,HUD,38,0,https://www.acquisition.gov/sites/default/files/page_file_uploads/HUD_RFO_Deviation_Part-38.pdf,320886
f61535d790136da5_HUD_RFO_Deviation_Part-39.pdf,f61535d790136da5,HUD_RFO_Deviation_Part-39.pdf,HUD,39,0,https://www.acquisition.gov/sites/default/files/page_file_uploads/HUD_RFO_Deviation_Part-39.pdf,347025
4f4f9c08a0c67034_HUD_RFO_Deviation_Part-4.pdf,4f4f9c08a0c67034,HUD_RFO_Deviation_Part-4.pdf,HUD,4,0,https://www.acquisition.gov/sites/default/files/page_file_uploads/HUD_RFO_Deviation_Part-4.pdf,177498
6198442ec6d5c42a_HUD_RFO_Deviation_Part-40.pdf,6198442ec6d5c42a,HUD_RFO_Deviation_Part-40.pdf,HUD,40,0,https://www.acquisition.gov/sites/default/files/page_file_uploads/HUD_RFO_Deviation_Part-40.pdf,366177
ebef260d2717a099_HUD_RFO_Deviation_Part-41.pdf,ebef260d2717a099,HUD_RFO_Deviation_Part-41.pdf,HUD,41,0,https://www.acquisition.gov/sites/default/files/page_file_uploads/HUD_RFO_Deviation_Part-41.pdf,302132
6807760458123d32_HUD_RFO_Deviation_Part-42.pdf,6807760458123d32,HUD_RFO_Deviation_Part-42.pdf,HUD,42,0,https://www.acquisition.gov/sites/default/files/page_file_uploads/HUD_RFO_Deviation_Part-42.pdf,339619
14004091e1835edf_HUD_RFO_Deviation_Part-43.pdf,14004091e1835edf,HUD_RFO_Deviation_Part-43.pdf,HUD,43,0,https://www.acquisition.gov/sites/default/files/page_file_uploads/HUD_RFO_Deviation_Part-43.pdf,343380
68796e1e6469a5e1_HUD_RFO_Deviation_Part-44.pdf,68796e1e6469a5e1,HUD_RFO_Deviation_Part-44.pdf,HUD,44,0,https://www.acquisition.gov/sites/default/files/page_file_uploads/HUD_RFO_Deviation_Part-44.pdf,316013
8aff1622a4c4653f_HUD_RFO_Deviation_Part-45.pdf,8aff1622a4c4653f,HUD_RFO_Deviation_Part-45.pdf,HUD,45,0,https://www.acquisition.gov/sites/default/files/page_file_uploads/HUD_RFO_Deviation_Part-45.pdf,303517
23204ad8a7ecfa24_HUD_RFO_Deviation_Part-46.pdf,23204ad8a7ecfa24,HUD_RFO_Deviation_Part-46.pdf,HUD,46,0,https://www.acquisition.gov/sites/default/files/page_file_uploads/HUD_RFO_Deviation_Part-46.pdf,167857
695581ee902fb0e1_HUD_RFO_Deviation_Part-47.pdf,695581ee902fb0e1,HUD_RFO_Deviation_Part-47.pdf,HUD,47,0,https://www.acquisition.gov/sites/default/files/page_file_uploads/HUD_RFO_Deviation_Part-47.pdf,347320
2986c9cb172d297c_HUD_RFO_Deviation_Part-5.pdf,2986c9cb172d297c,HUD_RFO_Deviation_Part-5.pdf,HUD,5,0,https://www.acquisition.gov/sites/default/files/page_file_uploads/HUD_RFO_Deviation_Part-5.pdf,344801
d9c3ee7b620fa044_HUD_RFO_Deviation_Part-50.pdf,d9c3ee7b620fa044,HUD_RFO_Deviation_Part-50.pdf,HUD,50,0,https://www.acquisition.gov/sites/default/files/page_file_uploads/HUD_RFO_Deviation_Part-50.pdf,314122
cd74b479a1f07cfc_HUD_RFO_Deviation_Part-53.pdf,cd74b479a1f07cfc,HUD_RFO_Deviation_Part-53.pdf,HUD,53,0,https://www.acquisition.gov/sites/default/files/page_file_uploads/HUD_RFO_Deviation_Part-53.pdf,302219
2d2e64ef3045e5b8_HUD_RFO_Deviation_Part-6.pdf,2d2e64ef3045e5b8,HUD_RFO_Deviation_Part-6.pdf,HUD,6,0,https://www.acquisition.gov/sites/default/files/page_file_uploads/HUD_RFO_Deviation_Part-6.pdf,343797
f9aa1c0bb2af49ca_HUD_RFO_Deviation_Part-7.pdf,f9aa1c0bb2af49ca,HUD_RFO_Deviation_Part-7.pdf,HUD,7,0,https://www.acquisition.gov/sites/default/files/page_file_uploads/HUD_RFO_Deviation_Part-7.pdf,324968
791a08e7902fefaf_HUD_RFO_Deviation_Part-8.pdf,791a08e7902fefaf,HUD_RFO_Deviation_Part-8.pdf,HUD,8,0,https://www.acquisition.gov/sites/default/files/page_file_uploads/HUD_RFO_Deviation_Part-8.pdf,205667
9150fec253263371_HUD_RFO_Deviation_Part-9.pdf,9150fec253263371,HUD_RFO_Deviation_Part-9.pdf,HUD,9,0,https://www.acquisition.gov/sites/default/files/page_file_uploads/HUD_RFO_Deviation_Part-9.pdf,351068
7eeac9ab836214d9_MCC_RFO_Deviation_Part-11and52.pdf,7eeac9ab836214d9,MCC_RFO_Deviation_Part-11and52.pdf,MCC,11,0,https://www.acquisition.gov/sites/default/files/page_file_uploads/MCC_RFO_Deviation_Part-11and52.pdf,245558
7eeac9ab836214d9_MCC_RFO_Deviation_Part-11and52.pdf,7eeac9ab836214d9,MCC_RFO_Deviation_Part-11and52.pdf,MCC,52,0,https://www.acquisition.gov/sites/default/files/page_file_uploads/MCC_RFO_Deviation_Part-11and52.pdf,245558
59d787f100ec5c70_MCC_RFO_Deviation_Part-12.pdf,59d787f100ec5c70,MCC_RFO_Deviation_Part-12.pdf,MCC,12,0,https://www.acquisition.gov/sites/default/files/page_file_uploads/MCC_RFO_Deviation_Part-12.pdf,309787
7089f6b6299fed18_MCC_RFO_Deviation_Part-13.pdf,7089f6b6299fed18,MCC_RFO_Deviation_Part-13.pdf,MCC,13,0,https://www.acquisition.gov/sites/default/files/page_file_uploads/MCC_RFO_Deviation_Part-13.pdf,308664
0ead45a61b868c70_MCC_RFO_Deviation_Part-14.pdf,0ead45a61b868c70,MCC_RFO_Deviation_Part-14.pdf,MCC,14,0,https://www.acquisition.gov/sites/default/files/page_file_uploads/MCC_RFO_Deviation_Part-14.pdf,310100
458cc6d7c2775f1c_MCC_RFO_Deviation_Part-15.pdf,458cc6d7c2775f1c,MCC_RFO_Deviation_Part-15.pdf,MCC,15,0,https://www.acquisition.gov/sites/default/files/page_file_uploads/MCC_RFO_Deviation_Part-15.pdf,319307
59043a02c7fd08be_MCC_RFO_Deviation_Part-16.pdf,59043a02c7fd08be,MCC_RFO_Deviation_Part-16.pdf,MCC,16,0,https://www.acquisition.gov/sites/default/files/page_file_uploads/MCC_RFO_Deviation_Part-16.pdf,314453
64a1ed9c92f018f1_MCC_RFO_Deviation_Part-17.pdf,64a1ed9c92f018f1,MCC_RFO_Deviation_Part-17.pdf,MCC,17,0,https://www.acquisition.gov/sites/default/files/page_file_uploads/MCC_RFO_Deviation_Part-17.pdf,304752
e35b544b7be169cb_MCC_RFO_Deviation_Part-18.pdf,e35b544b7be169cb,MCC_RFO_Deviation_Part-18.pdf,MCC,18,0,https://www.acquisition.gov/sites/default/files/page_file_uploads/MCC_RFO_Deviation_Part-18.pdf,225511
4c9ed0bdf64c702c_MCC_RFO_Deviation_Part-19.pdf,4c9ed0bdf64c702c,MCC_RFO_Deviation_Part-19.pdf,MCC,19,0,https://www.acquisition.gov/sites/default/files/page_file_uploads/MCC_RFO_Deviation_Part-19.pdf,333794
cf1564fc846689d7_MCC_RFO_Deviation_Part-22.pdf,cf1564fc846689d7,MCC_RFO_Deviation_Part-22.pdf,MCC,22,0,https://www.acquisition.gov/sites/default/files/page_file_uploads/MCC_RFO_Deviation_Part-22.pdf,314825
2e8f10f1dbf61a09_MCC_RFO_Deviation_Part-23.pdf,2e8f10f1dbf61a09,MCC_RFO_Deviation_Part-23.pdf,MCC,23,0,https://www.acquisition.gov/sites/default/files/page_file_uploads/MCC_RFO_Deviation_Part-23.pdf,315311
d22d8c727e630fb0_MCC_RFO_Deviation_Part-24.pdf,d22d8c727e630fb0,MCC_RFO_Deviation_Part-24.pdf,MCC,24,0,https://www.acquisition.gov/sites/default/files/page_file_uploads/MCC_RFO_Deviation_Part-24.pdf,266826
bc9e16e2d2c7f989_MCC_RFO_Deviation_Part-25.pdf,bc9e16e2d2c7f989,MCC_RFO_Deviation_Part-25.pdf,MCC,25,0,https://www.acquisition.gov/sites/default/files/page_file_uploads/MCC_RFO_Deviation_Part-25.pdf,316694
6fcd74b14889d0a1_MCC_RFO_Deviation_Part-26.pdf,6fcd74b14889d0a1,MCC_RFO_Deviation_Part-26.pdf,MCC,26,0,https://www.acquisition.gov/sites/default/files/page_file_uploads/MCC_RFO_Deviation_Part-26.pdf,253803
971435e53f81bc9f_MCC_RFO_Deviation_Part-27.pdf,971435e53f81bc9f,MCC_RFO_Deviation_Part-27.pdf,MCC,27,0,https://www.acquisition.gov/sites/default/files/page_file_uploads/MCC_RFO_Deviation_Part-27.pdf,311680
4f1d54f320b040ab_MCC_RFO_Deviation_Part-28.pdf,4f1d54f320b040ab,MCC_RFO_Deviation_Part-28.pdf,MCC,28,0,https://www.acquisition.gov/sites/default/files/page_file_uploads/MCC_RFO_Deviation_Part-28.pdf,268584
23df1ac9d9e15114_MCC_RFO_Deviation_Part-29and52.pdf,23df1ac9d9e15114,MCC_RFO_Deviation_Part-29and52.pdf,MCC,29,0,https://www.acquisition.gov/sites/default/files/page_file_uploads/MCC_RFO_Deviation_Part-29and52.pdf,935840
23df1ac9d9e15114_MCC_RFO_Deviation_Part-29and52.pdf,23df1ac9d9e15114,MCC_RFO_Deviation_Part-29and52.pdf,MCC,52,0,https://www.acquisition.gov/sites/default/files/page_file_uploads/MCC_RFO_Deviation_Part-29and52.pdf,935840
fabf16d2d6bc3837_MCC_RFO_Deviation_Part-3.pdf,fabf16d2d6bc3837,MCC_RFO_Deviation_Part-3.pdf,MCC,3,0,https://www.acquisition.gov/sites/default/files/page_file_uploads/MCC_RFO_Deviation_Part-3.pdf,303655
659dcd4554ce206c_MCC_RFO_Deviation_Part-30.pdf,659dcd4554ce206c,MCC_RFO_Deviation_Part-30.pdf,MCC,30,0,https://www.acquisition.gov/sites/default/files/page_file_uploads/MCC_RFO_Deviation_Part-30.pdf,306949
76171945fdb95877_MCC_RFO_Deviation_Part-31.pdf,76171945fdb95877,MCC_RFO_Deviation_Part-31.pdf,MCC,31,0,https://www.acquisition.gov/sites/default/files/page_file_uploads/MCC_RFO_Deviation_Part-31.pdf,222512
c57a3a53d1bf4ea0_MCC_RFO_Deviation_Part-32.pdf,c57a3a53d1bf4ea0,MCC_RFO_Deviation_Part-32.pdf,MCC,32,0,https://www.acquisition.gov/sites/default/files/page_file_uploads/MCC_RFO_Deviation_Part-32.pdf,311793
2644da6c71f542ae_MCC_RFO_Deviation_Part-33.pdf,2644da6c71f542ae,MCC_RFO_Deviation_Part-33.pdf,MCC,33,0,https://www.acquisition.gov/sites/default/files/page_file_uploads/MCC_RFO_Deviation_Part-33.pdf,296911
3fd8a3fbcfb24aae_MCC_RFO_Deviation_Part-35.pdf,3fd8a3fbcfb24aae,MCC_RFO_Deviation_Part-35.pdf,MCC,35,0,https://www.acquisition.gov/sites/default/files/page_file_uploads/MCC_RFO_Deviation_Part-35.pdf,245470
22f00c5d7915b035_MCC_RFO_Deviation_Part-36.pdf,22f00c5d7915b035,MCC_RFO_Deviation_Part-36.pdf,MCC,36,0,https://www.acquisition.gov/sites/default/files/page_file_uploads/MCC_RFO_Deviation_Part-36.pdf,260860
d96e535cc49f02a1_MCC_RFO_Deviation_Part-37.pdf,d96e535cc49f02a1,MCC_RFO_Deviation_Part-37.pdf,MCC,37,0,https://www.acquisition.gov/sites/default/files/page_file_uploads/MCC_RFO_Deviation_Part-37.pdf,318433
37ffe02f9a90f916_MCC_RFO_Deviation_Part-38.pdf,37ffe02f9a90f916,MCC_RFO_Deviation_Part-38.pdf,MCC,38,0,https://www.acquisition.gov/sites/default/files/page_file_uploads/MCC_RFO_Deviation_Part-38.pdf,266257
0354f9eecddb5754_MCC_RFO_Deviation_Part-39.pdf,0354f9eecddb5754,MCC_RFO_Deviation_Part-39.pdf,MCC,39,0,https://www.acquisition.gov/sites/default/files/page_file_uploads/MCC_RFO_Deviation_Part-39.pdf,206442
6a9b927e05d3e5a3_MCC_RFO_Deviation_Part-4.pdf,6a9b927e05d3e5a3,MCC_RFO_Deviation_Part-4.pdf,MCC,4,0,https://www.acquisition.gov/sites/default/files/page_file_uploads/MCC_RFO_Deviation_Part-4.pdf,324582
4179327feb0fe092_MCC_RFO_Deviation_Part-40.pdf,4179327feb0fe092,MCC_RFO_Deviation_Part-40.pdf,MCC,40,0,https://www.acquisition.gov/sites/default/files/page_file_uploads/MCC_RFO_Deviation_Part-40.pdf,314640
fbc1ffb015300e8b_MCC_RFO_Deviation_Part-41.pdf,fbc1ffb015300e8b,MCC_RFO_Deviation_Part-41.pdf,MCC,41,0,https://www.acquisition.gov/sites/default/files/page_file_uploads/MCC_RFO_Deviation_Part-41.pdf,274265
3f255ea6ca8cd4af_MCC_RFO_Deviation_Part-42.pdf,3f255ea6ca8cd4af,MCC_RFO_Deviation_Part-42.pdf,MCC,42,0,https://www.acquisition.gov/sites/default/files/page_file_uploads/MCC_RFO_Deviation_Part-42.pdf,317663
14c1ff000f567d99_MCC_RFO_Deviation_Part-43and52.pdf,14c1ff000f567d99,MCC_RFO_Deviation_Part-43and52.pdf,MCC,43,0,https://www.acquisition.gov/sites/default/files/page_file_uploads/MCC_RFO_Deviation_Part-43and52.pdf,203585
14c1ff000f567d99_MCC_RFO_Deviation_Part-43and52.pdf,14c1ff000f567d99,MCC_RFO_Deviation_Part-43and52.pdf,MCC,52,0,https://www.acquisition.gov/sites/default/files/page_file_uploads/MCC_RFO_Deviation_Part-43and52.pdf,203585
b0b56149a617b142_MCC_RFO_Deviation_Part-44.pdf,b0b56149a617b142,MCC_RFO_Deviation_Part-44.pdf,MCC,44,0,https://www.acquisition.gov/sites/default/files/page_file_uploads/MCC_RFO_Deviation_Part-44.pdf,301984
3feddc665265efff_MCC_RFO_Deviation_Part-45.pdf,3feddc665265efff,MCC_RFO_Deviation_Part-45.pdf,MCC,45,0,https://www.acquisition.gov/sites/default/files/page_file_uploads/MCC_RFO_Deviation_Part-45.pdf,273283
028b1262604b6be6_MCC_RFO_Deviation_Part-46.pdf,028b1262604b6be6,MCC_RFO_Deviation_Part-46.pdf,MCC,46,0,https://www.acquisition.gov/sites/default/files/page_file_uploads/MCC_RFO_Deviation_Part-46.pdf,277786
bfd65358e9258f16_MCC_RFO_Deviation_Part-47.pdf,bfd65358e9258f16,MCC_RFO_Deviation_Part-47.pdf,MCC,47,0,https://www.acquisition.gov/sites/default/files/page_file_uploads/MCC_RFO_Deviation_Part-47.pdf,314768
b25a6d647c6b429f_MCC_RFO_Deviation_Part-48.pdf,b25a6d647c6b429f,MCC_RFO_Deviation_Part-48.pdf,MCC,48,0,https://www.acquisition.gov/sites/default/files/page_file_uploads/MCC_RFO_Deviation_Part-48.pdf,299502
05000cda2beac3fc_MCC_RFO_Deviation_Part-49.pdf,05000cda2beac3fc,MCC_RFO_Deviation_Part-49.pdf,MCC,49,0,https://www.acquisition.gov/sites/default/files/page_file_uploads/MCC_RFO_Deviation_Part-49.pdf,276116
5d97e9409959eacc_MCC_RFO_Deviation_Part-5.pdf,5d97e9409959eacc,MCC_RFO_Deviation_Part-5.pdf,MCC,5,0,https://www.acquisition.gov/sites/default/files/page_file_uploads/MCC_RFO_Deviation_Part-5.pdf,246374
fed4c86d2aadd85f_MCC_RFO_Deviation_Part-50.pdf,fed4c86d2aadd85f,MCC_RFO_Deviation_Part-50.pdf,MCC,50,0,https://www.acquisition.gov/sites/default/files/page_file_uploads/MCC_RFO_Deviation_Part-50.pdf,258184
e0d7dfa66d97963a_MCC_RFO_Deviation_Part-51.pdf,e0d7dfa66d97963a,MCC_RFO_Deviation_Part-51.pdf,MCC,51,0,https://www.acquisition.gov/sites/default/files/page_file_uploads/MCC_RFO_Deviation_Part-51.pdf,264259
997ed5e92bafaa73_MCC_RFO_Deviation_Part-53.pdf,997ed5e92bafaa73,MCC_RFO_Deviation_Part-53.pdf,MCC,53,0,https://www.acquisition.gov/sites/default/files/page_file_uploads/MCC_RFO_Deviation_Part-53.pdf,255195
30a7b7328b552251_MCC_RFO_Deviation_Part-6.pdf,30a7b7328b552251,MCC_RFO_Deviation_Part-6.pdf,MCC,6,0,https://www.acquisition.gov/sites/default/files/page_file_uploads/MCC_RFO_Deviation_Part-6.pdf,226437
5c44b37ca4027e5c_MCC_RFO_Deviation_Part-7.pdf,5c44b37ca4027e5c,MCC_RFO_Deviation_Part-7.pdf,MCC,7,0,https://www.acquisition.gov/sites/default/files/page_file_uploads/MCC_RFO_Deviation_Part-7.pdf,307671
aca44b85ed3ac397_MCC_RFO_Deviation_Part-8.pdf,aca44b85ed3ac397,MCC_RFO_Deviation_Part-8.pdf,MCC,8,0,https://www.acquisition.gov/sites/default/files/page_file_uploads/MCC_RFO_Deviation_Part-8.pdf,317962
cf36b3fabd98cd48_MCC_RFO_Deviation_Part-9.pdf,cf36b3fabd98cd48,MCC_RFO_Deviation_Part-9.pdf,MCC,9,0,https://www.acquisition.gov/sites/default/files/page_file_uploads/MCC_RFO_Deviation_Part-9.pdf,280997
96511dd34631b749_MCC_RFO_Deviation_Parts-10and52.pdf,96511dd34631b749,MCC_RFO_Deviation_Parts-10and52.pdf,MCC,10,0,https://www.acquisition.gov/sites/default/files/page_file_uploads/MCC_RFO_Deviation_Parts-10and52.pdf,299845
96511dd34631b749_MCC_RFO_Deviation_Parts-10and52.pdf,96511dd34631b749,MCC_RFO_Deviation_Parts-10and52.pdf,MCC,52,0,https://www.acquisition.gov/sites/default/files/page_file_uploads/MCC_RFO_Deviation_Parts-10and52.pdf,299845
3856cac45d5ca075_MCC_RFO_Deviation_Parts-1and52.pdf,3856cac45d5ca075,MCC_RFO_Deviation_Parts-1and52.pdf,MCC,1,0,https://www.acquisition.gov/sites/default/files/page_file_uploads/MCC_RFO_Deviation_Parts-1and52.pdf,277751
3856cac45d5ca075_MCC_RFO_Deviation_Parts-1and52.pdf,3856cac45d5ca075,MCC_RFO_Deviation_Parts-1and52.pdf,MCC,52,0,https://www.acquisition.gov/sites/default/files/page_file_uploads/MCC_RFO_Deviation_Parts-1and52.pdf,277751
c6578688a0bc9465_MCC_RFO_Deviation_Parts-34and52.pdf,c6578688a0bc9465,MCC_RFO_Deviation_Parts-34and52.pdf,MCC,34,0,https://www.acquisition.gov/sites/default/files/page_file_uploads/MCC_RFO_Deviation_Parts-34and52.pdf,267532
c6578688a0bc9465_MCC_RFO_Deviation_Parts-34and52.pdf,c6578688a0bc9465,MCC_RFO_Deviation_Parts-34and52.pdf,MCC,52,0,https://www.acquisition.gov/sites/default/files/page_file_uploads/MCC_RFO_Deviation_Parts-34and52.pdf,267532
c8e1b2adb6ea8bc5_MSPB_RFO_Deviation_Part-1.pdf,c8e1b2adb6ea8bc5,MSPB_RFO_Deviation_Part-1.pdf,MSPB,1,0,https://www.acquisition.gov/sites/default/files/page_file_uploads/MSPB_RFO_Deviation_Part-1.pdf,154211
ce0e281d68059e13_MSPB_RFO_Deviation_Part-10.pdf,ce0e281d68059e13,MSPB_RFO_Deviation_Part-10.pdf,MSPB,10,0,https://www.acquisition.gov/sites/default/files/page_file_uploads/MSPB_RFO_Deviation_Part-10.pdf,173957
bd387946da8226df_MSPB_RFO_Deviation_Part-11.pdf,bd387946da8226df,MSPB_RFO_Deviation_Part-11.pdf,MSPB,11,0,https://www.acquisition.gov/sites/default/files/page_file_uploads/MSPB_RFO_Deviation_Part-11.pdf,190335
72ed7d013c117b4e_MSPB_RFO_Deviation_Part-12.pdf,72ed7d013c117b4e,MSPB_RFO_Deviation_Part-12.pdf,MSPB,12,0,https://www.acquisition.gov/sites/default/files/page_file_uploads/MSPB_RFO_Deviation_Part-12.pdf,221568
bd244c093f30337d_MSPB_RFO_Deviation_Part-18.pdf,bd244c093f30337d,MSPB_RFO_Deviation_Part-18.pdf,MSPB,18,0,https://www.acquisition.gov/sites/default/files/page_file_uploads/MSPB_RFO_Deviation_Part-18.pdf,183492
446c35f9c796c143_MSPB_RFO_Deviation_Part-26.pdf,446c35f9c796c143,MSPB_RFO_Deviation_Part-26.pdf,MSPB,26,0,https://www.acquisition.gov/sites/default/files/page_file_uploads/MSPB_RFO_Deviation_Part-26.pdf,184908
64e16941102f591f_MSPB_RFO_Deviation_Part-28.pdf,64e16941102f591f,MSPB_RFO_Deviation_Part-28.pdf,MSPB,28,0,https://www.acquisition.gov/sites/default/files/page_file_uploads/MSPB_RFO_Deviation_Part-28.pdf,164729
b118b6c06a0f282d_MSPB_RFO_Deviation_Part-29.pdf,b118b6c06a0f282d,MSPB_RFO_Deviation_Part-29.pdf,MSPB,29,0,https://www.acquisition.gov/sites/default/files/page_file_uploads/MSPB_RFO_Deviation_Part-29.pdf,208410
19df2bae1f3bc242_MSPB_RFO_Deviation_Part-30.pdf,19df2bae1f3bc242,MSPB_RFO_Deviation_Part-30.pdf,MSPB,30,0,https://www.acquisition.gov/sites/default/files/page_file_uploads/MSPB_RFO_Deviation_Part-30.pdf,219189
c4c8e68ffc9957a3_MSPB_RFO_Deviation_Part-31.pdf,c4c8e68ffc9957a3,MSPB_RFO_Deviation_Part-31.pdf,MSPB,31,0,https://www.acquisition.gov/sites/default/files/page_file_uploads/MSPB_RFO_Deviation_Part-31.pdf,166253
4d71c274a6041230_MSPB_RFO_Deviation_Part-33.pdf,4d71c274a6041230,MSPB_RFO_Deviation_Part-33.pdf,MSPB,33,0,https://www.acquisition.gov/sites/default/files/page_file_uploads/MSPB_RFO_Deviation_Part-33.pdf,186954
7e9e3c0b1fed16fa_MSPB_RFO_Deviation_Part-34.pdf,7e9e3c0b1fed16fa,MSPB_RFO_Deviation_Part-34.pdf,MSPB,34,0,https://www.acquisition.gov/sites/default/files/page_file_uploads/MSPB_RFO_Deviation_Part-34.pdf,181476
966346478107e7d2_MSPB_RFO_Deviation_Part-35.pdf,966346478107e7d2,MSPB_RFO_Deviation_Part-35.pdf,MSPB,35,0,https://www.acquisition.gov/sites/default/files/page_file_uploads/MSPB_RFO_Deviation_Part-35.pdf,187926
4eb7b30fefe14322_MSPB_RFO_Deviation_Part-36.pdf,4eb7b30fefe14322,MSPB_RFO_Deviation_Part-36.pdf,MSPB,36,0,https://www.acquisition.gov/sites/default/files/page_file_uploads/MSPB_RFO_Deviation_Part-36.pdf,192291
f3e400ea6bfd0407_MSPB_RFO_Deviation_Part-38.pdf,f3e400ea6bfd0407,MSPB_RFO_Deviation_Part-38.pdf,MSPB,38,0,https://www.acquisition.gov/sites/default/files/page_file_uploads/MSPB_RFO_Deviation_Part-38.pdf,162486
79b7515a7cfd8d3b_MSPB_RFO_Deviation_Part-39.pdf,79b7515a7cfd8d3b,MSPB_RFO_Deviation_Part-39.pdf,MSPB,39,0,https://www.acquisition.gov/sites/default/files/page_file_uploads/MSPB_RFO_Deviation_Part-39.pdf,182492
e41231d5afcdb4c6_MSPB_RFO_Deviation_Part-4.pdf,e41231d5afcdb4c6,MSPB_RFO_Deviation_Part-4.pdf,MSPB,4,0,https://www.acquisition.gov/sites/default/files/page_file_uploads/MSPB_RFO_Deviation_Part-4.pdf,256849
f750b84ce8c4ca2e_MSPB_RFO_Deviation_Part-40.pdf,f750b84ce8c4ca2e,MSPB_RFO_Deviation_Part-40.pdf,MSPB,40,0,https://www.acquisition.gov/sites/default/files/page_file_uploads/MSPB_RFO_Deviation_Part-40.pdf,220006
59bdacc565d124ee_MSPB_RFO_Deviation_Part-43.pdf,59bdacc565d124ee,MSPB_RFO_Deviation_Part-43.pdf,MSPB,43,0,https://www.acquisition.gov/sites/default/files/page_file_uploads/MSPB_RFO_Deviation_Part-43.pdf,165706
512328601fce55e4_MSPB_RFO_Deviation_Part-46.pdf,512328601fce55e4,MSPB_RFO_Deviation_Part-46.pdf,MSPB,46,0,https://www.acquisition.gov/sites/default/files/page_file_uploads/MSPB_RFO_Deviation_Part-46.pdf,164601
537e633f6845464e_MSPB_RFO_Deviation_Part-48.pdf,537e633f6845464e,MSPB_RFO_Deviation_Part-48.pdf,MSPB,48,0,https://www.acquisition.gov/sites/default/files/page_file_uploads/MSPB_RFO_Deviation_Part-48.pdf,183926
e61f8131f04df443_MSPB_RFO_Deviation_Part-49.pdf,e61f8131f04df443,MSPB_RFO_Deviation_Part-49.pdf,MSPB,49,0,https://www.acquisition.gov/sites/default/files/page_file_uploads/MSPB_RFO_Deviation_Part-49.pdf,166596
06a05a8e040768e0_MSPB_RFO_Deviation_Part-5.pdf,06a05a8e040768e0,MSPB_RFO_Deviation_Part-5.pdf,MSPB,5,0,https://www.acquisition.gov/sites/default/files/page_file_uploads/MSPB_RFO_Deviation_Part-5.pdf,184281
3e3965b80bd331b4_MSPB_RFO_Deviation_Part-50.pdf,3e3965b80bd331b4,MSPB_RFO_Deviation_Part-50.pdf,MSPB,50,0,https://www.acquisition.gov/sites/default/files/page_file_uploads/MSPB_RFO_Deviation_Part-50.pdf,179043
fa8372956d2f5f24_MSPB_RFO_Deviation_Part-51.pdf,fa8372956d2f5f24,MSPB_RFO_Deviation_Part-51.pdf,MSPB,51,0,https://www.acquisition.gov/sites/default/files/page_file_uploads/MSPB_RFO_Deviation_Part-51.pdf,165665
a5cbdc0842fd7aef_MSPB_RFO_Deviation_Part-6.pdf,a5cbdc0842fd7aef,MSPB_RFO_Deviation_Part-6.pdf,MSPB,6,0,https://www.acquisition.gov/sites/default/files/page_file_uploads/MSPB_RFO_Deviation_Part-6.pdf,181606
537353845c00d523_MSPB_RFO_Deviation_Part-8.pdf,537353845c00d523,MSPB_RFO_Deviation_Part-8.pdf,MSPB,8,0,https://www.acquisition.gov/sites/default/files/page_file_uploads/MSPB_RFO_Deviation_Part-8.pdf,239359
865b9835f04a0c9b_MSPB_RFO_Deviation_Part-9.pdf,865b9835f04a0c9b,MSPB_RFO_Deviation_Part-9.pdf,MSPB,9,0,https://www.acquisition.gov/sites/default/files/page_file_uploads/MSPB_RFO_Deviation_Part-9.pdf,198213
bdd8fe5c4d22a6d0_NARA_RFO_Deviation_Part-1.pdf,bdd8fe5c4d22a6d0,NARA_RFO_Deviation_Part-1.pdf,NARA,1,0,https://www.acquisition.gov/sites/default/files/page_file_uploads/NARA_RFO_Deviation_Part-1.pdf,224490
935828de89cca9b7_NARA_RFO_Deviation_Part-10.pdf,935828de89cca9b7,NARA_RFO_Deviation_Part-10.pdf,NARA,10,0,https://www.acquisition.gov/sites/default/files/page_file_uploads/NARA_RFO_Deviation_Part-10.pdf,352250
7b639e4db2b238f5_NARA_RFO_Deviation_Part-11.pdf,7b639e4db2b238f5,NARA_RFO_Deviation_Part-11.pdf,NARA,11,0,https://www.acquisition.gov/sites/default/files/page_file_uploads/NARA_RFO_Deviation_Part-11.pdf,500755
d863945972c0ae62_NARA_RFO_Deviation_Part-12.pdf,d863945972c0ae62,NARA_RFO_Deviation_Part-12.pdf,NARA,12,0,https://www.acquisition.gov/sites/default/files/page_file_uploads/NARA_RFO_Deviation_Part-12.pdf,346271
a15c5c3f1b3f6402_NARA_RFO_Deviation_Part-14.pdf,a15c5c3f1b3f6402,NARA_RFO_Deviation_Part-14.pdf,NARA,14,0,https://www.acquisition.gov/sites/default/files/page_file_uploads/NARA_RFO_Deviation_Part-14.pdf,274479
7b61e704672e8b76_NARA_RFO_Deviation_Part-15.pdf,7b61e704672e8b76,NARA_RFO_Deviation_Part-15.pdf,NARA,15,0,https://www.acquisition.gov/sites/default/files/page_file_uploads/NARA_RFO_Deviation_Part-15.pdf,271839
402a024d862f08fd_NARA_RFO_Deviation_Part-16.pdf,402a024d862f08fd,NARA_RFO_Deviation_Part-16.pdf,NARA,16,0,https://www.acquisition.gov/sites/default/files/page_file_uploads/NARA_RFO_Deviation_Part-16.pdf,269579
d0300241194d716a_NARA_RFO_Deviation_Part-17.pdf,d0300241194d716a,NARA_RFO_Deviation_Part-17.pdf,NARA,17,0,https://www.acquisition.gov/sites/default/files/page_file_uploads/NARA_RFO_Deviation_Part-17.pdf,255806
86b76d9368f24cc6_NARA_RFO_Deviation_Part-18.pdf,86b76d9368f24cc6,NARA_RFO_Deviation_Part-18.pdf,NARA,18,0,https://www.acquisition.gov/sites/default/files/page_file_uploads/NARA_RFO_Deviation_Part-18.pdf,339791
ad9b20fc7a3c6197_NARA_RFO_Deviation_Part-19.pdf,ad9b20fc7a3c6197,NARA_RFO_Deviation_Part-19.pdf,NARA,19,0,https://www.acquisition.gov/sites/default/files/page_file_uploads/NARA_RFO_Deviation_Part-19.pdf,291237
a4f115b23d1ba75f_NARA_RFO_Deviation_Part-22.pdf,a4f115b23d1ba75f,NARA_RFO_Deviation_Part-22.pdf,NARA,22,0,https://www.acquisition.gov/sites/default/files/page_file_uploads/NARA_RFO_Deviation_Part-22.pdf,268009
37f641ad72372662_NARA_RFO_Deviation_Part-23.pdf,37f641ad72372662,NARA_RFO_Deviation_Part-23.pdf,NARA,23,0,https://www.acquisition.gov/sites/default/files/page_file_uploads/NARA_RFO_Deviation_Part-23.pdf,274362
168e3ae35010c91d_NARA_RFO_Deviation_Part-24.pdf,168e3ae35010c91d,NARA_RFO_Deviation_Part-24.pdf,NARA,24,0,https://www.acquisition.gov/sites/default/files/page_file_uploads/NARA_RFO_Deviation_Part-24.pdf,227195
474adbcc74c43492_NARA_RFO_Deviation_Part-25.pdf,474adbcc74c43492,NARA_RFO_Deviation_Part-25.pdf,NARA,25,0,https://www.acquisition.gov/sites/default/files/page_file_uploads/NARA_RFO_Deviation_Part-25.pdf,267509
0f18f0f0a26503bb_NARA_RFO_Deviation_Part-26.pdf,0f18f0f0a26503bb,NARA_RFO_Deviation_Part-26.pdf,NARA,26,0,https://www.acquisition.gov/sites/default/files/page_file_uploads/NARA_RFO_Deviation_Part-26.pdf,257591
aee88598eabbb8df_NARA_RFO_Deviation_Part-29.pdf,aee88598eabbb8df,NARA_RFO_Deviation_Part-29.pdf,NARA,29,0,https://www.acquisition.gov/sites/default/files/page_file_uploads/NARA_RFO_Deviation_Part-29.pdf,240253
71a3d18f8b8b4cf9_NARA_RFO_Deviation_Part-3.pdf,71a3d18f8b8b4cf9,NARA_RFO_Deviation_Part-3.pdf,NARA,3,0,https://www.acquisition.gov/sites/default/files/page_file_uploads/NARA_RFO_Deviation_Part-3.pdf,268883
adaed77396583d70_NARA_RFO_Deviation_Part-30.pdf,adaed77396583d70,NARA_RFO_Deviation_Part-30.pdf,NARA,30,0,https://www.acquisition.gov/sites/default/files/page_file_uploads/NARA_RFO_Deviation_Part-30.pdf,209349
94a9df8903610748_NARA_RFO_Deviation_Part-31.pdf,94a9df8903610748,NARA_RFO_Deviation_Part-31.pdf,NARA,31,0,https://www.acquisition.gov/sites/default/files/page_file_uploads/NARA_RFO_Deviation_Part-31.pdf,215321
956a9c9f07e8c66f_NARA_RFO_Deviation_Part-32.pdf,956a9c9f07e8c66f,NARA_RFO_Deviation_Part-32.pdf,NARA,32,0,https://www.acquisition.gov/sites/default/files/page_file_uploads/NARA_RFO_Deviation_Part-32.pdf,206855
f9d8f99a227186c8_NARA_RFO_Deviation_Part-33.pdf,f9d8f99a227186c8,NARA_RFO_Deviation_Part-33.pdf,NARA,33,0,https://www.acquisition.gov/sites/default/files/page_file_uploads/NARA_RFO_Deviation_Part-33.pdf,354085
e86897fd8ace69c0_NARA_RFO_Deviation_Part-34.pdf,e86897fd8ace69c0,NARA_RFO_Deviation_Part-34.pdf,NARA,34,0,https://www.acquisition.gov/sites/default/files/page_file_uploads/NARA_RFO_Deviation_Part-34.pdf,222524
13be72044616dfed_NARA_RFO_Deviation_Part-35.pdf,13be72044616dfed,NARA_RFO_Deviation_Part-35.pdf,NARA,35,0,https://www.acquisition.gov/sites/default/files/page_file_uploads/NARA_RFO_Deviation_Part-35.pdf,287156
f43caaa9fc62f603_NARA_RFO_Deviation_Part-36.pdf,f43caaa9fc62f603,NARA_RFO_Deviation_Part-36.pdf,NARA,36,0,https://www.acquisition.gov/sites/default/files/page_file_uploads/NARA_RFO_Deviation_Part-36.pdf,317594
81f2a342d2838275_NARA_RFO_Deviation_Part-37.pdf,81f2a342d2838275,NARA_RFO_Deviation_Part-37.pdf,NARA,37,0,https://www.acquisition.gov/sites/default/files/page_file_uploads/NARA_RFO_Deviation_Part-37.pdf,226257
8538f760d1af8159_NARA_RFO_Deviation_Part-38.pdf,8538f760d1af8159,NARA_RFO_Deviation_Part-38.pdf,NARA,38,0,https://www.acquisition.gov/sites/default/files/page_file_uploads/NARA_RFO_Deviation_Part-38.pdf,216174
427d072c5589521f_NARA_RFO_Deviation_Part-39.pdf,427d072c5589521f,NARA_RFO_Deviation_Part-39.pdf,NARA,39,0,https://www.acquisition.gov/sites/default/files/page_file_uploads/NARA_RFO_Deviation_Part-39.pdf,416851
1f8d6a6f38f91012_NARA_RFO_Deviation_Part-4.pdf,1f8d6a6f38f91012,NARA_RFO_Deviation_Part-4.pdf,NARA,4,0,https://www.acquisition.gov/sites/default/files/page_file_uploads/NARA_RFO_Deviation_Part-4.pdf,295035
8a8a96f00b731f7d_NARA_RFO_Deviation_Part-40.pdf,8a8a96f00b731f7d,NARA_RFO_Deviation_Part-40.pdf,NARA,40,0,https://www.acquisition.gov/sites/default/files/page_file_uploads/NARA_RFO_Deviation_Part-40.pdf,260956
74d7c2131b18fad3_NARA_RFO_Deviation_Part-41.pdf,74d7c2131b18fad3,NARA_RFO_Deviation_Part-41.pdf,NARA,41,0,https://www.acquisition.gov/sites/default/files/page_file_uploads/NARA_RFO_Deviation_Part-41.pdf,180947
58547574b9e0a11c_NARA_RFO_Deviation_Part-42.pdf,58547574b9e0a11c,NARA_RFO_Deviation_Part-42.pdf,NARA,42,0,https://www.acquisition.gov/sites/default/files/page_file_uploads/NARA_RFO_Deviation_Part-42.pdf,212781
f0b4b57bd36295bc_NARA_RFO_Deviation_Part-43.pdf,f0b4b57bd36295bc,NARA_RFO_Deviation_Part-43.pdf,NARA,43,0,https://www.acquisition.gov/sites/default/files/page_file_uploads/NARA_RFO_Deviation_Part-43.pdf,267688
5fc71ae8394b96d7_NARA_RFO_Deviation_Part-44.pdf,5fc71ae8394b96d7,NARA_RFO_Deviation_Part-44.pdf,NARA,44,0,https://www.acquisition.gov/sites/default/files/page_file_uploads/NARA_RFO_Deviation_Part-44.pdf,207255
d03a3a2e252a08c3_NARA_RFO_Deviation_Part-45.pdf,d03a3a2e252a08c3,NARA_RFO_Deviation_Part-45.pdf,NARA,45,0,https://www.acquisition.gov/sites/default/files/page_file_uploads/NARA_RFO_Deviation_Part-45.pdf,179554
b2a2633a2cd68032_NARA_RFO_Deviation_Part-46.pdf,b2a2633a2cd68032,NARA_RFO_Deviation_Part-46.pdf,NARA,46,0,https://www.acquisition.gov/sites/default/files/page_file_uploads/NARA_RFO_Deviation_Part-46.pdf,285590
7c54f3bb5cac1322_NARA_RFO_Deviation_Part-47.pdf,7c54f3bb5cac1322,NARA_RFO_Deviation_Part-47.pdf,NARA,47,0,https://www.acquisition.gov/sites/default/files/page_file_uploads/NARA_RFO_Deviation_Part-47.pdf,219182
50cfb89c3252c3c6_NARA_RFO_Deviation_Part-48.pdf,50cfb89c3252c3c6,NARA_RFO_Deviation_Part-48.pdf,NARA,48,0,https://www.acquisition.gov/sites/default/files/page_file_uploads/NARA_RFO_Deviation_Part-48.pdf,200814
51ce9398fc1aff19_NARA_RFO_Deviation_Part-49.pdf,51ce9398fc1aff19,NARA_RFO_Deviation_Part-49.pdf,NARA,49,0,https://www.acquisition.gov/sites/default/files/page_file_uploads/NARA_RFO_Deviation_Part-49.pdf,271021
6e982f3335577bc3_NARA_RFO_Deviation_Part-5.pdf,6e982f3335577bc3,NARA_RFO_Deviation_Part-5.pdf,NARA,5,0,https://www.acquisition.gov/sites/default/files/page_file_uploads/NARA_RFO_Deviation_Part-5.pdf,253787
8b4f0915a4878913_NARA_RFO_Deviation_Part-50.pdf,8b4f0915a4878913,NARA_RFO_Deviation_Part-50.pdf,NARA,50,0,https://www.acquisition.gov/sites/default/files/page_file_uploads/NARA_RFO_Deviation_Part-50.pdf,306421
d5b6b2d066f26f03_NARA_RFO_Deviation_Part-51.pdf,d5b6b2d066f26f03,NARA_RFO_Deviation_Part-51.pdf,NARA,51,0,https://www.acquisition.gov/sites/default/files/page_file_uploads/NARA_RFO_Deviation_Part-51.pdf,214801
6ddf5b6c7afae2b5_NARA_RFO_Deviation_Part-53.pdf,6ddf5b6c7afae2b5,NARA_RFO_Deviation_Part-53.pdf,NARA,53,0,https://www.acquisition.gov/sites/default/files/page_file_uploads/NARA_RFO_Deviation_Part-53.pdf,181593
bdd6d58acf0acf03_NARA_RFO_Deviation_Part-6.pdf,bdd6d58acf0acf03,NARA_RFO_Deviation_Part-6.pdf,NARA,6,0,https://www.acquisition.gov/sites/default/files/page_file_uploads/NARA_RFO_Deviation_Part-6.pdf,201321
43099dd9761747d6_NARA_RFO_Deviation_Part-7.pdf,43099dd9761747d6,NARA_RFO_Deviation_Part-7.pdf,NARA,7,0,https://www.acquisition.gov/sites/default/files/page_file_uploads/NARA_RFO_Deviation_Part-7.pdf,261302
d676b0cf8a3a3c1e_NARA_RFO_Deviation_Part-8.pdf,d676b0cf8a3a3c1e,NARA_RFO_Deviation_Part-8.pdf,NARA,8,0,https://www.acquisition.gov/sites/default/files/page_file_uploads/NARA_RFO_Deviation_Part-8.pdf,254165
46a95542f164d941_NARA_RFO_Deviation_Part-9.pdf,46a95542f164d941,NARA_RFO_Deviation_Part-9.pdf,NARA,9,0,https://www.acquisition.gov/sites/default/files/page_file_uploads/NARA_RFO_Deviation_Part-9.pdf,247105
79623f526f018807_NASA_RFO_Deviation_Part-1.pdf,79623f526f018807,NASA_RFO_Deviation_Part-1.pdf,NASA,1,0,https://www.acquisition.gov/sites/default/files/page_file_uploads/NASA_RFO_Deviation_Part-1.pdf,144373
fea823962c124b65_NASA_RFO_Deviation_Part-10.pdf,fea823962c124b65,NASA_RFO_Deviation_Part-10.pdf,NASA,10,0,https://www.acquisition.gov/sites/default/files/page_file_uploads/NASA_RFO_Deviation_Part-10.pdf,233332
1f06819b3152f533_NASA_RFO_Deviation_Part-11.pdf,1f06819b3152f533,NASA_RFO_Deviation_Part-11.pdf,NASA,11,0,https://www.acquisition.gov/sites/default/files/page_file_uploads/NASA_RFO_Deviation_Part-11.pdf,331972
8d8221cf194cd199_NASA_RFO_Deviation_Part-12.pdf,8d8221cf194cd199,NASA_RFO_Deviation_Part-12.pdf,NASA,12,0,https://www.acquisition.gov/sites/default/files/page_file_uploads/NASA_RFO_Deviation_Part-12.pdf,427387
a317ec337b16aee9_NASA_RFO_Deviation_Part-13.pdf,a317ec337b16aee9,NASA_RFO_Deviation_Part-13.pdf,NASA,13,0,https://www.acquisition.gov/sites/default/files/page_file_uploads/NASA_RFO_Deviation_Part-13.pdf,380771
fe0719fe8d34ac93_NASA_RFO_Deviation_Part-14.pdf,fe0719fe8d34ac93,NASA_RFO_Deviation_Part-14.pdf,NASA,14,0,https://www.acquisition.gov/sites/default/files/page_file_uploads/NASA_RFO_Deviation_Part-14.pdf,382525
e1d8f688103ead12_NASA_RFO_Deviation_Part-15.pdf,e1d8f688103ead12,NASA_RFO_Deviation_Part-15.pdf,NASA,15,0,https://www.acquisition.gov/sites/default/files/page_file_uploads/NASA_RFO_Deviation_Part-15.pdf,806890
792957b1bf86b138_NASA_RFO_Deviation_Part-16_0.pdf,792957b1bf86b138,NASA_RFO_Deviation_Part-16_0.pdf,NASA,0,0,https://www.acquisition.gov/sites/default/files/page_file_uploads/NASA_RFO_Deviation_Part-16_0.pdf,601390
792957b1bf86b138_NASA_RFO_Deviation_Part-16_0.pdf,792957b1bf86b138,NASA_RFO_Deviation_Part-16_0.pdf,NASA,16,0,https://www.acquisition.gov/sites/default/files/page_file_uploads/NASA_RFO_Deviation_Part-16_0.pdf,601390
e243426c9e1015f9_NASA_RFO_Deviation_Part-17.pdf,e243426c9e1015f9,NASA_RFO_Deviation_Part-17.pdf,NASA,17,0,https://www.acquisition.gov/sites/default/files/page_file_uploads/NASA_RFO_Deviation_Part-17.pdf,461340
e14ab19e551441b3_NASA_RFO_Deviation_Part-18.pdf,e14ab19e551441b3,NASA_RFO_Deviation_Part-18.pdf,NASA,18,0,https://www.acquisition.gov/sites/default/files/page_file_uploads/NASA_RFO_Deviation_Part-18.pdf,302618
73bc1f1b9e4a121f_NASA_RFO_Deviation_Part-19.pdf,73bc1f1b9e4a121f,NASA_RFO_Deviation_Part-19.pdf,NASA,19,0,https://www.acquisition.gov/sites/default/files/page_file_uploads/NASA_RFO_Deviation_Part-19.pdf,567770
a33743fed7473b38_NASA_RFO_Deviation_Part-22.pdf,a33743fed7473b38,NASA_RFO_Deviation_Part-22.pdf,NASA,22,0,https://www.acquisition.gov/sites/default/files/page_file_uploads/NASA_RFO_Deviation_Part-22.pdf,384522
cef7a8df616301d7_NASA_RFO_Deviation_Part-23.pdf,cef7a8df616301d7,NASA_RFO_Deviation_Part-23.pdf,NASA,23,0,https://www.acquisition.gov/sites/default/files/page_file_uploads/NASA_RFO_Deviation_Part-23.pdf,415883
deb034d8d717f7b9_NASA_RFO_Deviation_Part-24.pdf,deb034d8d717f7b9,NASA_RFO_Deviation_Part-24.pdf,NASA,24,0,https://www.acquisition.gov/sites/default/files/page_file_uploads/NASA_RFO_Deviation_Part-24.pdf,360556
e078b011653fa1c5_NASA_RFO_Deviation_Part-25.pdf,e078b011653fa1c5,NASA_RFO_Deviation_Part-25.pdf,NASA,25,0,https://www.acquisition.gov/sites/default/files/page_file_uploads/NASA_RFO_Deviation_Part-25.pdf,533594
505e2fe8769344a8_NASA_RFO_Deviation_Part-26.pdf,505e2fe8769344a8,NASA_RFO_Deviation_Part-26.pdf,NASA,26,0,https://www.acquisition.gov/sites/default/files/page_file_uploads/NASA_RFO_Deviation_Part-26.pdf,431539
896785edf3e467af_NASA_RFO_Deviation_Part-27.pdf,896785edf3e467af,NASA_RFO_Deviation_Part-27.pdf,NASA,27,0,https://www.acquisition.gov/sites/default/files/page_file_uploads/NASA_RFO_Deviation_Part-27.pdf,963933
1b3b45e09ea2b835_NASA_RFO_Deviation_Part-28.pdf,1b3b45e09ea2b835,NASA_RFO_Deviation_Part-28.pdf,NASA,28,0,https://www.acquisition.gov/sites/default/files/page_file_uploads/NASA_RFO_Deviation_Part-28.pdf,633767
2a8413e9dd0b29a3_NASA_RFO_Deviation_Part-29.pdf,2a8413e9dd0b29a3,NASA_RFO_Deviation_Part-29.pdf,NASA,29,0,https://www.acquisition.gov/sites/default/files/page_file_uploads/NASA_RFO_Deviation_Part-29.pdf,304734
225f8569e25a5e9c_NASA_RFO_Deviation_Part-3.pdf,225f8569e25a5e9c,NASA_RFO_Deviation_Part-3.pdf,NASA,3,0,https://www.acquisition.gov/sites/default/files/page_file_uploads/NASA_RFO_Deviation_Part-3.pdf,403302
3b88181da7091da0_NASA_RFO_Deviation_Part-30.pdf,3b88181da7091da0,NASA_RFO_Deviation_Part-30.pdf,NASA,30,0,https://www.acquisition.gov/sites/default/files/page_file_uploads/NASA_RFO_Deviation_Part-30.pdf,367320
8fa9ac785da4c4d5_NASA_RFO_Deviation_Part-31.pdf,8fa9ac785da4c4d5,NASA_RFO_Deviation_Part-31.pdf,NASA,31,0,https://www.acquisition.gov/sites/default/files/page_file_uploads/NASA_RFO_Deviation_Part-31.pdf,407452
be72b1d6248063eb_NASA_RFO_Deviation_Part-32.pdf,be72b1d6248063eb,NASA_RFO_Deviation_Part-32.pdf,NASA,32,0,https://www.acquisition.gov/sites/default/files/page_file_uploads/NASA_RFO_Deviation_Part-32.pdf,386786
6ba7d9a9f6f53bd6_NASA_RFO_Deviation_Part-33.pdf,6ba7d9a9f6f53bd6,NASA_RFO_Deviation_Part-33.pdf,NASA,33,0,https://www.acquisition.gov/sites/default/files/page_file_uploads/NASA_RFO_Deviation_Part-33.pdf,419701
25e70dcf5aa8e73f_NASA_RFO_Deviation_Part-34.pdf,25e70dcf5aa8e73f,NASA_RFO_Deviation_Part-34.pdf,NASA,34,0,https://www.acquisition.gov/sites/default/files/page_file_uploads/NASA_RFO_Deviation_Part-34.pdf,144911
9f58ab8516132e0e_NASA_RFO_Deviation_Part-35.pdf,9f58ab8516132e0e,NASA_RFO_Deviation_Part-35.pdf,NASA,35,0,https://www.acquisition.gov/sites/default/files/page_file_uploads/NASA_RFO_Deviation_Part-35.pdf,572709
6fc125bd5a5a8cff_NASA_RFO_Deviation_Part-36.pdf,6fc125bd5a5a8cff,NASA_RFO_Deviation_Part-36.pdf,NASA,36,0,https://www.acquisition.gov/sites/default/files/page_file_uploads/NASA_RFO_Deviation_Part-36.pdf,366846
8734c554fe4bf677_NASA_RFO_Deviation_Part-37.pdf,8734c554fe4bf677,NASA_RFO_Deviation_Part-37.pdf,NASA,37,0,https://www.acquisition.gov/sites/default/files/page_file_uploads/NASA_RFO_Deviation_Part-37.pdf,467118
f35c8e9b8f85ce7d_NASA_RFO_Deviation_Part-38.pdf,f35c8e9b8f85ce7d,NASA_RFO_Deviation_Part-38.pdf,NASA,38,0,https://www.acquisition.gov/sites/default/files/page_file_uploads/NASA_RFO_Deviation_Part-38.pdf,256806
bede7c65bad49cb9_NASA_RFO_Deviation_Part-39.pdf,bede7c65bad49cb9,NASA_RFO_Deviation_Part-39.pdf,NASA,39,0,https://www.acquisition.gov/sites/default/files/page_file_uploads/NASA_RFO_Deviation_Part-39.pdf,402276
66ca19423f5fcd00_NASA_RFO_Deviation_Part-4.pdf,66ca19423f5fcd00,NASA_RFO_Deviation_Part-4.pdf,NASA,4,0,https://www.acquisition.gov/sites/default/files/page_file_uploads/NASA_RFO_Deviation_Part-4.pdf,377662
9ecfdeca88f96eb0_NASA_RFO_Deviation_Part-40.pdf,9ecfdeca88f96eb0,NASA_RFO_Deviation_Part-40.pdf,NASA,40,0,https://www.acquisition.gov/sites/default/files/page_file_uploads/NASA_RFO_Deviation_Part-40.pdf,348478
a456d2eabe15dab3_NASA_RFO_Deviation_Part-41.pdf,a456d2eabe15dab3,NASA_RFO_Deviation_Part-41.pdf,NASA,41,0,https://www.acquisition.gov/sites/default/files/page_file_uploads/NASA_RFO_Deviation_Part-41.pdf,331249
ad2bebc067e89036_NASA_RFO_Deviation_Part-42.pdf,ad2bebc067e89036,NASA_RFO_Deviation_Part-42.pdf,NASA,42,0,https://www.acquisition.gov/sites/default/files/page_file_uploads/NASA_RFO_Deviation_Part-42.pdf,566058
ac2324ca23b69911_NASA_RFO_Deviation_Part-43.pdf,ac2324ca23b69911,NASA_RFO_Deviation_Part-43.pdf,NASA,43,0,https://www.acquisition.gov/sites/default/files/page_file_uploads/NASA_RFO_Deviation_Part-43.pdf,366472
68d6bb499878f220_NASA_RFO_Deviation_Part-44.pdf,68d6bb499878f220,NASA_RFO_Deviation_Part-44.pdf,NASA,44,0,https://www.acquisition.gov/sites/default/files/page_file_uploads/NASA_RFO_Deviation_Part-44.pdf,347997
be540007a12549b7_NASA_RFO_Deviation_Part-45.pdf,be540007a12549b7,NASA_RFO_Deviation_Part-45.pdf,NASA,45,0,https://www.acquisition.gov/sites/default/files/page_file_uploads/NASA_RFO_Deviation_Part-45.pdf,785348
4403e66d628271fe_NASA_RFO_Deviation_Part-46.pdf,4403e66d628271fe,NASA_RFO_Deviation_Part-46.pdf,NASA,46,0,https://www.acquisition.gov/sites/default/files/page_file_uploads/NASA_RFO_Deviation_Part-46.pdf,522669
6a77a961012dd61c_NASA_RFO_Deviation_Part-47.pdf,6a77a961012dd61c,NASA_RFO_Deviation_Part-47.pdf,NASA,47,0,https://www.acquisition.gov/sites/default/files/page_file_uploads/NASA_RFO_Deviation_Part-47.pdf,366273
35bd3da52875b0d8_NASA_RFO_Deviation_Part-48.pdf,35bd3da52875b0d8,NASA_RFO_Deviation_Part-48.pdf,NASA,48,0,https://www.acquisition.gov/sites/default/files/page_file_uploads/NASA_RFO_Deviation_Part-48.pdf,235877
ab4cdfde518e87aa_NASA_RFO_Deviation_Part-49.pdf,ab4cdfde518e87aa,NASA_RFO_Deviation_Part-49.pdf,NASA,49,0,https://www.acquisition.gov/sites/default/files/page_file_uploads/NASA_RFO_Deviation_Part-49.pdf,399306
09944da5c8a1067e_NASA_RFO_Deviation_Part-5.pdf,09944da5c8a1067e,NASA_RFO_Deviation_Part-5.pdf,NASA,5,0,https://www.acquisition.gov/sites/default/files/page_file_uploads/NASA_RFO_Deviation_Part-5.pdf,286394
9c728d6e7f36bb67_NASA_RFO_Deviation_Part-50.pdf,9c728d6e7f36bb67,NASA_RFO_Deviation_Part-50.pdf,NASA,50,0,https://www.acquisition.gov/sites/default/files/page_file_uploads/NASA_RFO_Deviation_Part-50.pdf,360063
a687b004735fec10_NASA_RFO_Deviation_Part-51.pdf,a687b004735fec10,NASA_RFO_Deviation_Part-51.pdf,NASA,51,0,https://www.acquisition.gov/sites/default/files/page_file_uploads/NASA_RFO_Deviation_Part-51.pdf,432640
b7ae1551eec931ea_NASA_RFO_Deviation_Part-53.pdf,b7ae1551eec931ea,NASA_RFO_Deviation_Part-53.pdf,NASA,53,0,https://www.acquisition.gov/sites/default/files/page_file_uploads/NASA_RFO_Deviation_Part-53.pdf,235684
a04caff1b205215c_NASA_RFO_Deviation_Part-6.pdf,a04caff1b205215c,NASA_RFO_Deviation_Part-6.pdf,NASA,6,0,https://www.acquisition.gov/sites/default/files/page_file_uploads/NASA_RFO_Deviation_Part-6.pdf,306989
5e76585622359baf_NASA_RFO_Deviation_Part-7.pdf,5e76585622359baf,NASA_RFO_Deviation_Part-7.pdf,NASA,7,0,https://www.acquisition.gov/sites/default/files/page_file_uploads/NASA_RFO_Deviation_Part-7.pdf,509354
421d53ff99b055d6_NASA_RFO_Deviation_Part-8.pdf,421d53ff99b055d6,NASA_RFO_Deviation_Part-8.pdf,NASA,8,0,https://www.acquisition.gov/sites/default/files/page_file_uploads/NASA_RFO_Deviation_Part-8.pdf,476575
1c4d9dd9a0d65096_NASA_RFO_Deviation_Part-9.pdf,1c4d9dd9a0d65096,NASA_RFO_Deviation_Part-9.pdf,NASA,9,0,https://www.acquisition.gov/sites/default/files/page_file_uploads/NASA_RFO_Deviation_Part-9.pdf,458312
579d75aea5ad8be7_NLRB_RFO_Deviation_Part-1.pdf,579d75aea5ad8be7,NLRB_RFO_Deviation_Part-1.pdf,NLRB,1,0,https://www.acquisition.gov/sites/default/files/page_file_uploads/NLRB_RFO_Deviation_Part-1.pdf,230194
8b2f4def5e354af3_NLRB_RFO_Deviation_Part-11.pdf,8b2f4def5e354af3,NLRB_RFO_Deviation_Part-11.pdf,NLRB,11,0,https://www.acquisition.gov/sites/default/files/page_file_uploads/NLRB_RFO_Deviation_Part-11.pdf,373548
fe570eaab1fafea2_NRC_RFO_Deviation_Part-1.pdf,fe570eaab1fafea2,NRC_RFO_Deviation_Part-1.pdf,NRC,1,0,https://www.acquisition.gov/sites/default/files/page_file_uploads/NRC_RFO_Deviation_Part-1.pdf,655789
02d596c2577a192f_NRC_RFO_Deviation_Part-10.pdf,02d596c2577a192f,NRC_RFO_Deviation_Part-10.pdf,NRC,10,0,https://www.acquisition.gov/sites/default/files/page_file_uploads/NRC_RFO_Deviation_Part-10.pdf,676269
788fb25aecb5dbda_NRC_RFO_Deviation_Part-11.pdf,788fb25aecb5dbda,NRC_RFO_Deviation_Part-11.pdf,NRC,11,0,https://www.acquisition.gov/sites/default/files/page_file_uploads/NRC_RFO_Deviation_Part-11.pdf,702731
3842943c2e260782_NRC_RFO_Deviation_Part-12.pdf,3842943c2e260782,NRC_RFO_Deviation_Part-12.pdf,NRC,12,0,https://www.acquisition.gov/sites/default/files/page_file_uploads/NRC_RFO_Deviation_Part-12.pdf,738571
ad20e65edc1667b4_NRC_RFO_Deviation_Part-13.pdf,ad20e65edc1667b4,NRC_RFO_Deviation_Part-13.pdf,NRC,13,0,https://www.acquisition.gov/sites/default/files/page_file_uploads/NRC_RFO_Deviation_Part-13.pdf,718519
e8712d0b2a9e679d_NRC_RFO_Deviation_Part-14.pdf,e8712d0b2a9e679d,NRC_RFO_Deviation_Part-14.pdf,NRC,14,0,https://www.acquisition.gov/sites/default/files/page_file_uploads/NRC_RFO_Deviation_Part-14.pdf,239217
35469d00e132d465_NRC_RFO_Deviation_Part-15.pdf,35469d00e132d465,NRC_RFO_Deviation_Part-15.pdf,NRC,15,0,https://www.acquisition.gov/sites/default/files/page_file_uploads/NRC_RFO_Deviation_Part-15.pdf,255159
22e99ba2c75b901c_NRC_RFO_Deviation_Part-16.pdf,22e99ba2c75b901c,NRC_RFO_Deviation_Part-16.pdf,NRC,16,0,https://www.acquisition.gov/sites/default/files/page_file_uploads/NRC_RFO_Deviation_Part-16.pdf,732996
f93d08be03444955_NRC_RFO_Deviation_Part-17.pdf,f93d08be03444955,NRC_RFO_Deviation_Part-17.pdf,NRC,17,0,https://www.acquisition.gov/sites/default/files/page_file_uploads/NRC_RFO_Deviation_Part-17.pdf,719918
0873617475893d7d_NRC_RFO_Deviation_Part-18.pdf,0873617475893d7d,NRC_RFO_Deviation_Part-18.pdf,NRC,18,0,https://www.acquisition.gov/sites/default/files/page_file_uploads/NRC_RFO_Deviation_Part-18.pdf,668900
599254c02f691e4a_NRC_RFO_Deviation_Part-22.pdf,599254c02f691e4a,NRC_RFO_Deviation_Part-22.pdf,NRC,22,0,https://www.acquisition.gov/sites/default/files/page_file_uploads/NRC_RFO_Deviation_Part-22.pdf,725523
62612bd5612661e7_NRC_RFO_Deviation_Part-23.pdf,62612bd5612661e7,NRC_RFO_Deviation_Part-23.pdf,NRC,23,0,https://www.acquisition.gov/sites/default/files/page_file_uploads/NRC_RFO_Deviation_Part-23.pdf,722640
cf1d6ccdb248c036_NRC_RFO_Deviation_Part-24.pdf,cf1d6ccdb248c036,NRC_RFO_Deviation_Part-24.pdf,NRC,24,0,https://www.acquisition.gov/sites/default/files/page_file_uploads/NRC_RFO_Deviation_Part-24.pdf,671281
7a36ad7520fd5231_NRC_RFO_Deviation_Part-25.pdf,7a36ad7520fd5231,NRC_RFO_Deviation_Part-25.pdf,NRC,25,0,https://www.acquisition.gov/sites/default/files/page_file_uploads/NRC_RFO_Deviation_Part-25.pdf,737417
b00a9d657d0ad30f_NRC_RFO_Deviation_Part-26.pdf,b00a9d657d0ad30f,NRC_RFO_Deviation_Part-26.pdf,NRC,26,0,https://www.acquisition.gov/sites/default/files/page_file_uploads/NRC_RFO_Deviation_Part-26.pdf,704432
c824cdbe8d199a25_NRC_RFO_Deviation_Part-27.pdf,c824cdbe8d199a25,NRC_RFO_Deviation_Part-27.pdf,NRC,27,0,https://www.acquisition.gov/sites/default/files/page_file_uploads/NRC_RFO_Deviation_Part-27.pdf,734917
1abb201a04c88a90_NRC_RFO_Deviation_Part-28.pdf,1abb201a04c88a90,NRC_RFO_Deviation_Part-28.pdf,NRC,28,0,https://www.acquisition.gov/sites/default/files/page_file_uploads/NRC_RFO_Deviation_Part-28.pdf,671564
d932d90b6d84dbbf_NRC_RFO_Deviation_Part-29.pdf,d932d90b6d84dbbf,NRC_RFO_Deviation_Part-29.pdf,NRC,29,0,https://www.acquisition.gov/sites/default/files/page_file_uploads/NRC_RFO_Deviation_Part-29.pdf,706480
a756dd218dd05d6f_NRC_RFO_Deviation_Part-3.pdf,a756dd218dd05d6f,NRC_RFO_Deviation_Part-3.pdf,NRC,3,0,https://www.acquisition.gov/sites/default/files/page_file_uploads/NRC_RFO_Deviation_Part-3.pdf,704945
47cace7fe5c78f7f_NRC_RFO_Deviation_Part-30.pdf,47cace7fe5c78f7f,NRC_RFO_Deviation_Part-30.pdf,NRC,30,0,https://www.acquisition.gov/sites/default/files/page_file_uploads/NRC_RFO_Deviation_Part-30.pdf,717072
6bbe6a261568a0fc_NRC_RFO_Deviation_Part-31.pdf,6bbe6a261568a0fc,NRC_RFO_Deviation_Part-31.pdf,NRC,31,0,https://www.acquisition.gov/sites/default/files/page_file_uploads/NRC_RFO_Deviation_Part-31.pdf,679621
873f37386b077cae_NRC_RFO_Deviation_Part-32.pdf,873f37386b077cae,NRC_RFO_Deviation_Part-32.pdf,NRC,32,0,https://www.acquisition.gov/sites/default/files/page_file_uploads/NRC_RFO_Deviation_Part-32.pdf,712161
be95187499f066ec_NRC_RFO_Deviation_Part-33.pdf,be95187499f066ec,NRC_RFO_Deviation_Part-33.pdf,NRC,33,0,https://www.acquisition.gov/sites/default/files/page_file_uploads/NRC_RFO_Deviation_Part-33.pdf,710728
b291d0ee626a606d_NRC_RFO_Deviation_Part-34.pdf,b291d0ee626a606d,NRC_RFO_Deviation_Part-34.pdf,NRC,34,0,https://www.acquisition.gov/sites/default/files/page_file_uploads/NRC_RFO_Deviation_Part-34.pdf,650385
d39385aeda6cdfa7_NRC_RFO_Deviation_Part-35.pdf,d39385aeda6cdfa7,NRC_RFO_Deviation_Part-35.pdf,NRC,35,0,https://www.acquisition.gov/sites/default/files/page_file_uploads/NRC_RFO_Deviation_Part-35.pdf,715185
f5af7441145752db_NRC_RFO_Deviation_Part-36.pdf,f5af7441145752db,NRC_RFO_Deviation_Part-36.pdf,NRC,36,0,https://www.acquisition.gov/sites/default/files/page_file_uploads/NRC_RFO_Deviation_Part-36.pdf,719328
fe18cf46f5c3e8b4_NRC_RFO_Deviation_Part-37.pdf,fe18cf46f5c3e8b4,NRC_RFO_Deviation_Part-37.pdf,NRC,37,0,https://www.acquisition.gov/sites/default/files/page_file_uploads/NRC_RFO_Deviation_Part-37.pdf,253510
a375e56b2b1527b2_NRC_RFO_Deviation_Part-38.pdf,a375e56b2b1527b2,NRC_RFO_Deviation_Part-38.pdf,NRC,38,0,https://www.acquisition.gov/sites/default/files/page_file_uploads/NRC_RFO_Deviation_Part-38.pdf,668414
2210a7fc71f6a456_NRC_RFO_Deviation_Part-39.pdf,2210a7fc71f6a456,NRC_RFO_Deviation_Part-39.pdf,NRC,39,0,https://www.acquisition.gov/sites/default/files/page_file_uploads/NRC_RFO_Deviation_Part-39.pdf,676813
ed6acc1e55abc16b_NRC_RFO_Deviation_Part-4.pdf,ed6acc1e55abc16b,NRC_RFO_Deviation_Part-4.pdf,NRC,4,0,https://www.acquisition.gov/sites/default/files/page_file_uploads/NRC_RFO_Deviation_Part-4.pdf,742854
ebcd8accb8eba008_NRC_RFO_Deviation_Part-40.pdf,ebcd8accb8eba008,NRC_RFO_Deviation_Part-40.pdf,NRC,40,0,https://www.acquisition.gov/sites/default/files/page_file_uploads/NRC_RFO_Deviation_Part-40.pdf,746157
12ceb616ba9b6827_NRC_RFO_Deviation_Part-41.pdf,12ceb616ba9b6827,NRC_RFO_Deviation_Part-41.pdf,NRC,41,0,https://www.acquisition.gov/sites/default/files/page_file_uploads/NRC_RFO_Deviation_Part-41.pdf,210197
50cbd8c2eae7f5fc_NRC_RFO_Deviation_Part-42.pdf,50cbd8c2eae7f5fc,NRC_RFO_Deviation_Part-42.pdf,NRC,42,0,https://www.acquisition.gov/sites/default/files/page_file_uploads/NRC_RFO_Deviation_Part-42.pdf,725682
c83eb638478ea65f_NRC_RFO_Deviation_Part-43.pdf,c83eb638478ea65f,NRC_RFO_Deviation_Part-43.pdf,NRC,43,0,https://www.acquisition.gov/sites/default/files/page_file_uploads/NRC_RFO_Deviation_Part-43.pdf,677718
027b76556b9f4f2a_NRC_RFO_Deviation_Part-44.pdf,027b76556b9f4f2a,NRC_RFO_Deviation_Part-44.pdf,NRC,44,0,https://www.acquisition.gov/sites/default/files/page_file_uploads/NRC_RFO_Deviation_Part-44.pdf,705161
a06d9daec72cd8fb_NRC_RFO_Deviation_Part-45.pdf,a06d9daec72cd8fb,NRC_RFO_Deviation_Part-45.pdf,NRC,45,0,https://www.acquisition.gov/sites/default/files/page_file_uploads/NRC_RFO_Deviation_Part-45.pdf,670352
2d761b74038a6497_NRC_RFO_Deviation_Part-46.pdf,2d761b74038a6497,NRC_RFO_Deviation_Part-46.pdf,NRC,46,0,https://www.acquisition.gov/sites/default/files/page_file_uploads/NRC_RFO_Deviation_Part-46.pdf,681705
5978b2a7c915bbf9_NRC_RFO_Deviation_Part-47.pdf,5978b2a7c915bbf9,NRC_RFO_Deviation_Part-47.pdf,NRC,47,0,https://www.acquisition.gov/sites/default/files/page_file_uploads/NRC_RFO_Deviation_Part-47.pdf,245870
080176d630e36f4f_NRC_RFO_Deviation_Part-48.pdf,080176d630e36f4f,NRC_RFO_Deviation_Part-48.pdf,NRC,48,0,https://www.acquisition.gov/sites/default/files/page_file_uploads/NRC_RFO_Deviation_Part-48.pdf,689172
bddafa3724d2e41c_NRC_RFO_Deviation_Part-49.pdf,bddafa3724d2e41c,NRC_RFO_Deviation_Part-49.pdf,NRC,49,0,https://www.acquisition.gov/sites/default/files/page_file_uploads/NRC_RFO_Deviation_Part-49.pdf,681911
d4aa50556973e53b_NRC_RFO_Deviation_Part-5.pdf,d4aa50556973e53b,NRC_RFO_Deviation_Part-5.pdf,NRC,5,0,https://www.acquisition.gov/sites/default/files/page_file_uploads/NRC_RFO_Deviation_Part-5.pdf,698865
a2d4f6c2bf1c7ecd_NRC_RFO_Deviation_Part-50.pdf,a2d4f6c2bf1c7ecd,NRC_RFO_Deviation_Part-50.pdf,NRC,50,0,https://www.acquisition.gov/sites/default/files/page_file_uploads/NRC_RFO_Deviation_Part-50.pdf,700239
076957cb3df0042c_NRC_RFO_Deviation_Part-51.pdf,076957cb3df0042c,NRC_RFO_Deviation_Part-51.pdf,NRC,51,0,https://www.acquisition.gov/sites/default/files/page_file_uploads/NRC_RFO_Deviation_Part-51.pdf,667249
cba243feb3598daa_NRC_RFO_Deviation_Part-53.pdf,cba243feb3598daa,NRC_RFO_Deviation_Part-53.pdf,NRC,53,0,https://www.acquisition.gov/sites/default/files/page_file_uploads/NRC_RFO_Deviation_Part-53.pdf,675175
162dcd930f74dda2_NRC_RFO_Deviation_Part-6.pdf,162dcd930f74dda2,NRC_RFO_Deviation_Part-6.pdf,NRC,6,0,https://www.acquisition.gov/sites/default/files/page_file_uploads/NRC_RFO_Deviation_Part-6.pdf,700712
9537215d28b48c28_NRC_RFO_Deviation_Part-7.pdf,9537215d28b48c28,NRC_RFO_Deviation_Part-7.pdf,NRC,7,0,https://www.acquisition.gov/sites/default/files/page_file_uploads/NRC_RFO_Deviation_Part-7.pdf,717699
68195a34212634cf_NRC_RFO_Deviation_Part-8.pdf,68195a34212634cf,NRC_RFO_Deviation_Part-8.pdf,NRC,8,0,https://www.acquisition.gov/sites/default/files/page_file_uploads/NRC_RFO_Deviation_Part-8.pdf,716633
693cdd33e9fdc67d_NRC_RFO_Deviation_Part-9.pdf,693cdd33e9fdc67d,NRC_RFO_Deviation_Part-9.pdf,NRC,9,0,https://www.acquisition.gov/sites/default/files/page_file_uploads/NRC_RFO_Deviation_Part-9.pdf,689724
b07c548af661f0ca_OPM_RFO_Deviation_Part-1.pdf,b07c548af661f0ca,OPM_RFO_Deviation_Part-1.pdf,OPM,1,0,https://www.acquisition.gov/sites/default/files/page_file_uploads/OPM_RFO_Deviation_Part-1.pdf,193190
e9c17c7e03d09620_OPM_RFO_Deviation_Part-10.pdf,e9c17c7e03d09620,OPM_RFO_Deviation_Part-10.pdf,OPM,10,0,https://www.acquisition.gov/sites/default/files/page_file_uploads/OPM_RFO_Deviation_Part-10.pdf,235381
e41d9488b89aa781_OPM_RFO_Deviation_Part-11.pdf,e41d9488b89aa781,OPM_RFO_Deviation_Part-11.pdf,OPM,11,0,https://www.acquisition.gov/sites/default/files/page_file_uploads/OPM_RFO_Deviation_Part-11.pdf,306011
3b664f9abe455066_OPM_RFO_Deviation_Part-12.pdf,3b664f9abe455066,OPM_RFO_Deviation_Part-12.pdf,OPM,12,0,https://www.acquisition.gov/sites/default/files/page_file_uploads/OPM_RFO_Deviation_Part-12.pdf,297945
938a3eac817dfbbc_OPM_RFO_Deviation_Part-13.pdf,938a3eac817dfbbc,OPM_RFO_Deviation_Part-13.pdf,OPM,13,0,https://www.acquisition.gov/sites/default/files/page_file_uploads/OPM_RFO_Deviation_Part-13.pdf,283778
3663d2c1c7716a8e_OPM_RFO_Deviation_Part-14.pdf,3663d2c1c7716a8e,OPM_RFO_Deviation_Part-14.pdf,OPM,14,0,https://www.acquisition.gov/sites/default/files/page_file_uploads/OPM_RFO_Deviation_Part-14.pdf,284125
6bdf9ba8aa03e71f_OPM_RFO_Deviation_Part-18.pdf,6bdf9ba8aa03e71f,OPM_RFO_Deviation_Part-18.pdf,OPM,18,0,https://www.acquisition.gov/sites/default/files/page_file_uploads/OPM_RFO_Deviation_Part-18.pdf,271040
0547ea3f9f6bb22c_OPM_RFO_Deviation_Part-3.pdf,0547ea3f9f6bb22c,OPM_RFO_Deviation_Part-3.pdf,OPM,3,0,https://www.acquisition.gov/sites/default/files/page_file_uploads/OPM_RFO_Deviation_Part-3.pdf,243233
61e3faf9ff4224f8_OPM_RFO_Deviation_Part-4.pdf,61e3faf9ff4224f8,OPM_RFO_Deviation_Part-4.pdf,OPM,4,0,https://www.acquisition.gov/sites/default/files/page_file_uploads/OPM_RFO_Deviation_Part-4.pdf,276990
9e9400cc8324799a_OPM_RFO_Deviation_Part-5.pdf,9e9400cc8324799a,OPM_RFO_Deviation_Part-5.pdf,OPM,5,0,https://www.acquisition.gov/sites/default/files/page_file_uploads/OPM_RFO_Deviation_Part-5.pdf,223474
27f053b4b82e7f62_OPM_RFO_Deviation_Part-6.pdf,27f053b4b82e7f62,OPM_RFO_Deviation_Part-6.pdf,OPM,6,0,https://www.acquisition.gov/sites/default/files/page_file_uploads/OPM_RFO_Deviation_Part-6.pdf,228505
5c4dd6f1b333f5e7_OPM_RFO_Deviation_Part-7.pdf,5c4dd6f1b333f5e7,OPM_RFO_Deviation_Part-7.pdf,OPM,7,0,https://www.acquisition.gov/sites/default/files/page_file_uploads/OPM_RFO_Deviation_Part-7.pdf,226506
6a56d1cabeb447b5_OPM_RFO_Deviation_Part-8.pdf,6a56d1cabeb447b5,OPM_RFO_Deviation_Part-8.pdf,OPM,8,0,https://www.acquisition.gov/sites/default/files/page_file_uploads/OPM_RFO_Deviation_Part-8.pdf,192895
31960bdae34173f1_OPM_RFO_Deviation_Part-9.pdf,31960bdae34173f1,OPM_RFO_Deviation_Part-9.pdf,OPM,9,0,https://www.acquisition.gov/sites/default/files/page_file_uploads/OPM_RFO_Deviation_Part-9.pdf,185482
0b10529fbeec8a32_OSHRC_RFO_Class_Deviation_Part_1.pdf,0b10529fbeec8a32,OSHRC_RFO_Class_Deviation_Part_1.pdf,OSHRC,1,0,https://www.acquisition.gov/sites/default/files/page_file_uploads/OSHRC_RFO_Class_Deviation_Part_1.pdf,243095
3a5bcbccda90328e_PBGC_RFO_Deviation_Part_1.pdf,3a5bcbccda90328e,PBGC_RFO_Deviation_Part_1.pdf,PBGC,1,0,https://www.acquisition.gov/sites/default/files/page_file_uploads/PBGC_RFO_Deviation_Part_1.pdf,203528
82e056326f2f6a97_PBGC_RFO_Deviation_Part_10.pdf,82e056326f2f6a97,PBGC_RFO_Deviation_Part_10.pdf,PBGC,10,0,https://www.acquisition.gov/sites/default/files/page_file_uploads/PBGC_RFO_Deviation_Part_10.pdf,513452
1bf2909258e3c017_PBGC_RFO_Deviation_Part_11.pdf,1bf2909258e3c017,PBGC_RFO_Deviation_Part_11.pdf,PBGC,11,0,https://www.acquisition.gov/sites/default/files/page_file_uploads/PBGC_RFO_Deviation_Part_11.pdf,566835
42bdce1225734800_PBGC_RFO_Deviation_Part_12.pdf,42bdce1225734800,PBGC_RFO_Deviation_Part_12.pdf,PBGC,12,0,https://www.acquisition.gov/sites/default/files/page_file_uploads/PBGC_RFO_Deviation_Part_12.pdf,632915
30b70780096596b2_PBGC_RFO_Deviation_Part_13.pdf,30b70780096596b2,PBGC_RFO_Deviation_Part_13.pdf,PBGC,13,0,https://www.acquisition.gov/sites/default/files/page_file_uploads/PBGC_RFO_Deviation_Part_13.pdf,521180
e60083bf18d7ac10_PBGC_RFO_Deviation_Part_14.pdf,e60083bf18d7ac10,PBGC_RFO_Deviation_Part_14.pdf,PBGC,14,0,https://www.acquisition.gov/sites/default/files/page_file_uploads/PBGC_RFO_Deviation_Part_14.pdf,522012
33328017552fe161_PBGC_RFO_Deviation_Part_15.pdf,33328017552fe161,PBGC_RFO_Deviation_Part_15.pdf,PBGC,15,0,https://www.acquisition.gov/sites/default/files/page_file_uploads/PBGC_RFO_Deviation_Part_15.pdf,576669
c7ca25f372077466_PBGC_RFO_Deviation_Part_16.pdf,c7ca25f372077466,PBGC_RFO_Deviation_Part_16.pdf,PBGC,16,0,https://www.acquisition.gov/sites/default/files/page_file_uploads/PBGC_RFO_Deviation_Part_16.pdf,569220
69b521bd796f9d4f_PBGC_RFO_Deviation_Part_17.pdf,69b521bd796f9d4f,PBGC_RFO_Deviation_Part_17.pdf,PBGC,17,0,https://www.acquisition.gov/sites/default/files/page_file_uploads/PBGC_RFO_Deviation_Part_17.pdf,531794
9b42e58b37635370_PBGC_RFO_Deviation_Part_18.pdf,9b42e58b37635370,PBGC_RFO_Deviation_Part_18.pdf,PBGC,18,0,https://www.acquisition.gov/sites/default/files/page_file_uploads/PBGC_RFO_Deviation_Part_18.pdf,512605
ca6d5981014fcbac_PBGC_RFO_Deviation_Part_19.pdf,ca6d5981014fcbac,PBGC_RFO_Deviation_Part_19.pdf,PBGC,19,0,https://www.acquisition.gov/sites/default/files/page_file_uploads/PBGC_RFO_Deviation_Part_19.pdf,590074
e20a8852c28a4009_PBGC_RFO_Deviation_Part_22.pdf,e20a8852c28a4009,PBGC_RFO_Deviation_Part_22.pdf,PBGC,22,0,https://www.acquisition.gov/sites/default/files/page_file_uploads/PBGC_RFO_Deviation_Part_22.pdf,531957
cdb21d0ef933773d_PBGC_RFO_Deviation_Part_23.pdf,cdb21d0ef933773d,PBGC_RFO_Deviation_Part_23.pdf,PBGC,23,0,https://www.acquisition.gov/sites/default/files/page_file_uploads/PBGC_RFO_Deviation_Part_23.pdf,534338
49409327c829bf0c_PBGC_RFO_Deviation_Part_24.pdf,49409327c829bf0c,PBGC_RFO_Deviation_Part_24.pdf,PBGC,24,0,https://www.acquisition.gov/sites/default/files/page_file_uploads/PBGC_RFO_Deviation_Part_24.pdf,462732
5cd128afc764d214_PBGC_RFO_Deviation_Part_25.pdf,5cd128afc764d214,PBGC_RFO_Deviation_Part_25.pdf,PBGC,25,0,https://www.acquisition.gov/sites/default/files/page_file_uploads/PBGC_RFO_Deviation_Part_25.pdf,545721
6dfb4baed3a12a7d_PBGC_RFO_Deviation_Part_26.pdf,6dfb4baed3a12a7d,PBGC_RFO_Deviation_Part_26.pdf,PBGC,26,0,https://www.acquisition.gov/sites/default/files/page_file_uploads/PBGC_RFO_Deviation_Part_26.pdf,518219
a9085a33d3bc17af_PBGC_RFO_Deviation_Part_27.pdf,a9085a33d3bc17af,PBGC_RFO_Deviation_Part_27.pdf,PBGC,27,0,https://www.acquisition.gov/sites/default/files/page_file_uploads/PBGC_RFO_Deviation_Part_27.pdf,536165
5eed74d0cf899d1f_PBGC_RFO_Deviation_Part_28.pdf,5eed74d0cf899d1f,PBGC_RFO_Deviation_Part_28.pdf,PBGC,28,0,https://www.acquisition.gov/sites/default/files/page_file_uploads/PBGC_RFO_Deviation_Part_28.pdf,462427
a86a679c5b75a0cd_PBGC_RFO_Deviation_Part_29.pdf,a86a679c5b75a0cd,PBGC_RFO_Deviation_Part_29.pdf,PBGC,29,0,https://www.acquisition.gov/sites/default/files/page_file_uploads/PBGC_RFO_Deviation_Part_29.pdf,518751
ca56b13b0ccebfaa_PBGC_RFO_Deviation_Part_3.pdf,ca56b13b0ccebfaa,PBGC_RFO_Deviation_Part_3.pdf,PBGC,3,0,https://www.acquisition.gov/sites/default/files/page_file_uploads/PBGC_RFO_Deviation_Part_3.pdf,254262
09a33170587c7958_PBGC_RFO_Deviation_Part_30.pdf,09a33170587c7958,PBGC_RFO_Deviation_Part_30.pdf,PBGC,30,0,https://www.acquisition.gov/sites/default/files/page_file_uploads/PBGC_RFO_Deviation_Part_30.pdf,533541
9966a4ef312bee34_PBGC_RFO_Deviation_Part_31.pdf,9966a4ef312bee34,PBGC_RFO_Deviation_Part_31.pdf,PBGC,31,0,https://www.acquisition.gov/sites/default/files/page_file_uploads/PBGC_RFO_Deviation_Part_31.pdf,464339
1fdc318088ce40f4_PBGC_RFO_Deviation_Part_32.pdf,1fdc318088ce40f4,PBGC_RFO_Deviation_Part_32.pdf,PBGC,32,0,https://www.acquisition.gov/sites/default/files/page_file_uploads/PBGC_RFO_Deviation_Part_32.pdf,531141
0665a126f76b874e_PBGC_RFO_Deviation_Part_33.pdf,0665a126f76b874e,PBGC_RFO_Deviation_Part_33.pdf,PBGC,33,0,https://www.acquisition.gov/sites/default/files/page_file_uploads/PBGC_RFO_Deviation_Part_33.pdf,544543
b86f57c937d693f4_PBGC_RFO_Deviation_Part_34.pdf,b86f57c937d693f4,PBGC_RFO_Deviation_Part_34.pdf,PBGC,34,0,https://www.acquisition.gov/sites/default/files/page_file_uploads/PBGC_RFO_Deviation_Part_34.pdf,381466
a9add04a4f3eac53_PBGC_RFO_Deviation_Part_35.pdf,a9add04a4f3eac53,PBGC_RFO_Deviation_Part_35.pdf,PBGC,35,0,https://www.acquisition.gov/sites/default/files/page_file_uploads/PBGC_RFO_Deviation_Part_35.pdf,540127
fd290f2b4528445f_PBGC_RFO_Deviation_Part_36.pdf,fd290f2b4528445f,PBGC_RFO_Deviation_Part_36.pdf,PBGC,36,0,https://www.acquisition.gov/sites/default/files/page_file_uploads/PBGC_RFO_Deviation_Part_36.pdf,552383
9cc1b69b77e496d6_PBGC_RFO_Deviation_Part_37.pdf,9cc1b69b77e496d6,PBGC_RFO_Deviation_Part_37.pdf,PBGC,37,0,https://www.acquisition.gov/sites/default/files/page_file_uploads/PBGC_RFO_Deviation_Part_37.pdf,539497
1ddb530d4f51b116_PBGC_RFO_Deviation_Part_38.pdf,1ddb530d4f51b116,PBGC_RFO_Deviation_Part_38.pdf,PBGC,38,0,https://www.acquisition.gov/sites/default/files/page_file_uploads/PBGC_RFO_Deviation_Part_38.pdf,459487
a66c6e3868dd9bda_PBGC_RFO_Deviation_Part_39.pdf,a66c6e3868dd9bda,PBGC_RFO_Deviation_Part_39.pdf,PBGC,39,0,https://www.acquisition.gov/sites/default/files/page_file_uploads/PBGC_RFO_Deviation_Part_39.pdf,525880
66de2dff994b5ef3_PBGC_RFO_Deviation_Part_4.pdf,66de2dff994b5ef3,PBGC_RFO_Deviation_Part_4.pdf,PBGC,4,0,https://www.acquisition.gov/sites/default/files/page_file_uploads/PBGC_RFO_Deviation_Part_4.pdf,652587
884accb29e1f5a18_PBGC_RFO_Deviation_Part_40.pdf,884accb29e1f5a18,PBGC_RFO_Deviation_Part_40.pdf,PBGC,40,0,https://www.acquisition.gov/sites/default/files/page_file_uploads/PBGC_RFO_Deviation_Part_40.pdf,619979
1838e94fd8447e2c_PBGC_RFO_Deviation_Part_41.pdf,1838e94fd8447e2c,PBGC_RFO_Deviation_Part_41.pdf,PBGC,41,0,https://www.acquisition.gov/sites/default/files/page_file_uploads/PBGC_RFO_Deviation_Part_41.pdf,464483
5c6d191536c22627_PBGC_RFO_Deviation_Part_42.pdf,5c6d191536c22627,PBGC_RFO_Deviation_Part_42.pdf,PBGC,42,0,https://www.acquisition.gov/sites/default/files/page_file_uploads/PBGC_RFO_Deviation_Part_42.pdf,536285
620ea5f20902c48e_PBGC_RFO_Deviation_Part_43.pdf,620ea5f20902c48e,PBGC_RFO_Deviation_Part_43.pdf,PBGC,43,0,https://www.acquisition.gov/sites/default/files/page_file_uploads/PBGC_RFO_Deviation_Part_43.pdf,518462
c4ef292d5db9ee12_PBGC_RFO_Deviation_Part_44.pdf,c4ef292d5db9ee12,PBGC_RFO_Deviation_Part_44.pdf,PBGC,44,0,https://www.acquisition.gov/sites/default/files/page_file_uploads/PBGC_RFO_Deviation_Part_44.pdf,518246
2f04558b5d0984a5_PBGC_RFO_Deviation_Part_45.pdf,2f04558b5d0984a5,PBGC_RFO_Deviation_Part_45.pdf,PBGC,45,0,https://www.acquisition.gov/sites/default/files/page_file_uploads/PBGC_RFO_Deviation_Part_45.pdf,487090
f4606cd55d05d155_PBGC_RFO_Deviation_Part_46.pdf,f4606cd55d05d155,PBGC_RFO_Deviation_Part_46.pdf,PBGC,46,0,https://www.acquisition.gov/sites/default/files/page_file_uploads/PBGC_RFO_Deviation_Part_46.pdf,466981
e3056efbcd775913_PBGC_RFO_Deviation_Part_47.pdf,e3056efbcd775913,PBGC_RFO_Deviation_Part_47.pdf,PBGC,47,0,https://www.acquisition.gov/sites/default/files/page_file_uploads/PBGC_RFO_Deviation_Part_47.pdf,527729
5304827849ca7368_PBGC_RFO_Deviation_Part_48.pdf,5304827849ca7368,PBGC_RFO_Deviation_Part_48.pdf,PBGC,48,0,https://www.acquisition.gov/sites/default/files/page_file_uploads/PBGC_RFO_Deviation_Part_48.pdf,513609
a13d763ebc609cd6_PBGC_RFO_Deviation_Part_49.pdf,a13d763ebc609cd6,PBGC_RFO_Deviation_Part_49.pdf,PBGC,49,0,https://www.acquisition.gov/sites/default/files/page_file_uploads/PBGC_RFO_Deviation_Part_49.pdf,466891
dc51a7eeee0c5498_PBGC_RFO_Deviation_Part_5.pdf,dc51a7eeee0c5498,PBGC_RFO_Deviation_Part_5.pdf,PBGC,5,0,https://www.acquisition.gov/sites/default/files/page_file_uploads/PBGC_RFO_Deviation_Part_5.pdf,543491
1e02e16806f7762f_PBGC_RFO_Deviation_Part_50.pdf,1e02e16806f7762f,PBGC_RFO_Deviation_Part_50.pdf,PBGC,50,0,https://www.acquisition.gov/sites/default/files/page_file_uploads/PBGC_RFO_Deviation_Part_50.pdf,549177
9483bf54dbcac78e_PBGC_RFO_Deviation_Part_51.pdf,9483bf54dbcac78e,PBGC_RFO_Deviation_Part_51.pdf,PBGC,51,0,https://www.acquisition.gov/sites/default/files/page_file_uploads/PBGC_RFO_Deviation_Part_51.pdf,418578
5d37b307a725e843_PBGC_RFO_Deviation_Part_53.pdf,5d37b307a725e843,PBGC_RFO_Deviation_Part_53.pdf,PBGC,53,0,https://www.acquisition.gov/sites/default/files/page_file_uploads/PBGC_RFO_Deviation_Part_53.pdf,464013
26d7e1c338a13f8b_PBGC_RFO_Deviation_Part_6.pdf,26d7e1c338a13f8b,PBGC_RFO_Deviation_Part_6.pdf,PBGC,6,0,https://www.acquisition.gov/sites/default/files/page_file_uploads/PBGC_RFO_Deviation_Part_6.pdf,537425
397def28c774a561_PBGC_RFO_Deviation_Part_7.pdf,397def28c774a561,PBGC_RFO_Deviation_Part_7.pdf,PBGC,7,0,https://www.acquisition.gov/sites/default/files/page_file_uploads/PBGC_RFO_Deviation_Part_7.pdf,549926
e68bb51900a9c78e_PBGC_RFO_Deviation_Part_8.pdf,e68bb51900a9c78e,PBGC_RFO_Deviation_Part_8.pdf,PBGC,8,0,https://www.acquisition.gov/sites/default/files/page_file_uploads/PBGC_RFO_Deviation_Part_8.pdf,561791
f65988c1914c553f_PBGC_RFO_Deviation_Part_9.pdf,f65988c1914c553f,PBGC_RFO_Deviation_Part_9.pdf,PBGC,9,0,https://www.acquisition.gov/sites/default/files/page_file_uploads/PBGC_RFO_Deviation_Part_9.pdf,262426
162ad307412d01c9_SEC_RFO_Deviation_Part-1.pdf,162ad307412d01c9,SEC_RFO_Deviation_Part-1.pdf,SEC,1,0,https://www.acquisition.gov/sites/default/files/page_file_uploads/SEC_RFO_Deviation_Part-1.pdf,311459
6fb319a9c9732403_SEC_RFO_Deviation_Part-10_0.pdf,6fb319a9c9732403,SEC_RFO_Deviation_Part-10_0.pdf,SEC,0,0,https://www.acquisition.gov/sites/default/files/page_file_uploads/SEC_RFO_Deviation_Part-10_0.pdf,252397
6fb319a9c9732403_SEC_RFO_Deviation_Part-10_0.pdf,6fb319a9c9732403,SEC_RFO_Deviation_Part-10_0.pdf,SEC,10,0,https://www.acquisition.gov/sites/default/files/page_file_uploads/SEC_RFO_Deviation_Part-10_0.pdf,252397
4039586772909e1e_SEC_RFO_Deviation_Part-11.pdf,4039586772909e1e,SEC_RFO_Deviation_Part-11.pdf,SEC,11,0,https://www.acquisition.gov/sites/default/files/page_file_uploads/SEC_RFO_Deviation_Part-11.pdf,265101
4d1240ce263c7b88_SEC_RFO_Deviation_Part-14.pdf,4d1240ce263c7b88,SEC_RFO_Deviation_Part-14.pdf,SEC,14,0,https://www.acquisition.gov/sites/default/files/page_file_uploads/SEC_RFO_Deviation_Part-14.pdf,302908
210957c5d6366fd7_SEC_RFO_Deviation_Part-15.pdf,210957c5d6366fd7,SEC_RFO_Deviation_Part-15.pdf,SEC,15,0,https://www.acquisition.gov/sites/default/files/page_file_uploads/SEC_RFO_Deviation_Part-15.pdf,335316
e900178c12855be5_SEC_RFO_Deviation_Part-16.pdf,e900178c12855be5,SEC_RFO_Deviation_Part-16.pdf,SEC,16,0,https://www.acquisition.gov/sites/default/files/page_file_uploads/SEC_RFO_Deviation_Part-16.pdf,330855
b40b16e9f577d5f9_SEC_RFO_Deviation_Part-17.pdf,b40b16e9f577d5f9,SEC_RFO_Deviation_Part-17.pdf,SEC,17,0,https://www.acquisition.gov/sites/default/files/page_file_uploads/SEC_RFO_Deviation_Part-17.pdf,276107
76a1d92b52d15fdf_SEC_RFO_Deviation_Part-18.pdf,76a1d92b52d15fdf,SEC_RFO_Deviation_Part-18.pdf,SEC,18,0,https://www.acquisition.gov/sites/default/files/page_file_uploads/SEC_RFO_Deviation_Part-18.pdf,250180
5d7f21e0f71f1e74_SEC_RFO_Deviation_Part-19.pdf,5d7f21e0f71f1e74,SEC_RFO_Deviation_Part-19.pdf,SEC,19,0,https://www.acquisition.gov/sites/default/files/page_file_uploads/SEC_RFO_Deviation_Part-19.pdf,401664
9802fe584a47410b_SEC_RFO_Deviation_Part-22.pdf,9802fe584a47410b,SEC_RFO_Deviation_Part-22.pdf,SEC,22,0,https://www.acquisition.gov/sites/default/files/page_file_uploads/SEC_RFO_Deviation_Part-22.pdf,351454
18674d442c8583a3_SEC_RFO_Deviation_Part-23.pdf,18674d442c8583a3,SEC_RFO_Deviation_Part-23.pdf,SEC,23,0,https://www.acquisition.gov/sites/default/files/page_file_uploads/SEC_RFO_Deviation_Part-23.pdf,347795
7e5595b831254888_SEC_RFO_Deviation_Part-24.pdf,7e5595b831254888,SEC_RFO_Deviation_Part-24.pdf,SEC,24,0,https://www.acquisition.gov/sites/default/files/page_file_uploads/SEC_RFO_Deviation_Part-24.pdf,313130
eb7535fee49faf0c_SEC_RFO_Deviation_Part-25.pdf,eb7535fee49faf0c,SEC_RFO_Deviation_Part-25.pdf,SEC,25,0,https://www.acquisition.gov/sites/default/files/page_file_uploads/SEC_RFO_Deviation_Part-25.pdf,353548
9ef2cc650ad9bf64_SEC_RFO_Deviation_Part-26.pdf,9ef2cc650ad9bf64,SEC_RFO_Deviation_Part-26.pdf,SEC,26,0,https://www.acquisition.gov/sites/default/files/page_file_uploads/SEC_RFO_Deviation_Part-26.pdf,302256
3fb54a6b0d231c16_SEC_RFO_Deviation_Part-27.pdf,3fb54a6b0d231c16,SEC_RFO_Deviation_Part-27.pdf,SEC,27,0,https://www.acquisition.gov/sites/default/files/page_file_uploads/SEC_RFO_Deviation_Part-27.pdf,338882
eab435b5268d5275_SEC_RFO_Deviation_Part-28.pdf,eab435b5268d5275,SEC_RFO_Deviation_Part-28.pdf,SEC,28,0,https://www.acquisition.gov/sites/default/files/page_file_uploads/SEC_RFO_Deviation_Part-28.pdf,262176
51df235586da8e08_SEC_RFO_Deviation_Part-29.pdf,51df235586da8e08,SEC_RFO_Deviation_Part-29.pdf,SEC,29,0,https://www.acquisition.gov/sites/default/files/page_file_uploads/SEC_RFO_Deviation_Part-29.pdf,328268
43f4dab2d2246e94_SEC_RFO_Deviation_Part-3.pdf,43f4dab2d2246e94,SEC_RFO_Deviation_Part-3.pdf,SEC,3,0,https://www.acquisition.gov/sites/default/files/page_file_uploads/SEC_RFO_Deviation_Part-3.pdf,271959
bae0d16bb3eb529e_SEC_RFO_Deviation_Part-30.pdf,bae0d16bb3eb529e,SEC_RFO_Deviation_Part-30.pdf,SEC,30,0,https://www.acquisition.gov/sites/default/files/page_file_uploads/SEC_RFO_Deviation_Part-30.pdf,294856
61190a619d383cfe_SEC_RFO_Deviation_Part-31.pdf,61190a619d383cfe,SEC_RFO_Deviation_Part-31.pdf,SEC,31,0,https://www.acquisition.gov/sites/default/files/page_file_uploads/SEC_RFO_Deviation_Part-31.pdf,268182
8f4d66cd405f0af7_SEC_RFO_Deviation_Part-32.pdf,8f4d66cd405f0af7,SEC_RFO_Deviation_Part-32.pdf,SEC,32,0,https://www.acquisition.gov/sites/default/files/page_file_uploads/SEC_RFO_Deviation_Part-32.pdf,335267
435501c9b7e00b32_SEC_RFO_Deviation_Part-33.pdf,435501c9b7e00b32,SEC_RFO_Deviation_Part-33.pdf,SEC,33,0,https://www.acquisition.gov/sites/default/files/page_file_uploads/SEC_RFO_Deviation_Part-33.pdf,327005
252ad24bda7110d3_SEC_RFO_Deviation_Part-34.pdf,252ad24bda7110d3,SEC_RFO_Deviation_Part-34.pdf,SEC,34,0,https://www.acquisition.gov/sites/default/files/page_file_uploads/SEC_RFO_Deviation_Part-34.pdf,305114
66957e5f10306384_SEC_RFO_Deviation_Part-35.pdf,66957e5f10306384,SEC_RFO_Deviation_Part-35.pdf,SEC,35,0,https://www.acquisition.gov/sites/default/files/page_file_uploads/SEC_RFO_Deviation_Part-35.pdf,338107
a92d9c03de119c9b_SEC_RFO_Deviation_Part-36.pdf,a92d9c03de119c9b,SEC_RFO_Deviation_Part-36.pdf,SEC,36,0,https://www.acquisition.gov/sites/default/files/page_file_uploads/SEC_RFO_Deviation_Part-36.pdf,345582
8170f246647fea6e_SEC_RFO_Deviation_Part-37.pdf,8170f246647fea6e,SEC_RFO_Deviation_Part-37.pdf,SEC,37,0,https://www.acquisition.gov/sites/default/files/page_file_uploads/SEC_RFO_Deviation_Part-37.pdf,347031
84e7c2a5aa2d2ffd_SEC_RFO_Deviation_Part-38.pdf,84e7c2a5aa2d2ffd,SEC_RFO_Deviation_Part-38.pdf,SEC,38,0,https://www.acquisition.gov/sites/default/files/page_file_uploads/SEC_RFO_Deviation_Part-38.pdf,275489
19a6934504a649dd_SEC_RFO_Deviation_Part-39.pdf,19a6934504a649dd,SEC_RFO_Deviation_Part-39.pdf,SEC,39,0,https://www.acquisition.gov/sites/default/files/page_file_uploads/SEC_RFO_Deviation_Part-39.pdf,250085
fe441aad370bc682_SEC_RFO_Deviation_Part-4.pdf,fe441aad370bc682,SEC_RFO_Deviation_Part-4.pdf,SEC,4,0,https://www.acquisition.gov/sites/default/files/page_file_uploads/SEC_RFO_Deviation_Part-4.pdf,341569
ede851e632fc8f53_SEC_RFO_Deviation_Part-40.pdf,ede851e632fc8f53,SEC_RFO_Deviation_Part-40.pdf,SEC,40,0,https://www.acquisition.gov/sites/default/files/page_file_uploads/SEC_RFO_Deviation_Part-40.pdf,338677
3e9e6178835ac182_SEC_RFO_Deviation_Part-41.pdf,3e9e6178835ac182,SEC_RFO_Deviation_Part-41.pdf,SEC,41,0,https://www.acquisition.gov/sites/default/files/page_file_uploads/SEC_RFO_Deviation_Part-41.pdf,253561
6b38901fcc9b8c15_SEC_RFO_Deviation_Part-42.pdf,6b38901fcc9b8c15,SEC_RFO_Deviation_Part-42.pdf,SEC,42,0,https://www.acquisition.gov/sites/default/files/page_file_uploads/SEC_RFO_Deviation_Part-42.pdf,336170
8d3494c2c0306e88_SEC_RFO_Deviation_Part-43.pdf,8d3494c2c0306e88,SEC_RFO_Deviation_Part-43.pdf,SEC,43,0,https://www.acquisition.gov/sites/default/files/page_file_uploads/SEC_RFO_Deviation_Part-43.pdf,246101
27c115a5669922e4_SEC_RFO_Deviation_Part-44.pdf,27c115a5669922e4,SEC_RFO_Deviation_Part-44.pdf,SEC,44,0,https://www.acquisition.gov/sites/default/files/page_file_uploads/SEC_RFO_Deviation_Part-44.pdf,334936
74e2c3b686eab9c5_SEC_RFO_Deviation_Part-45.pdf,74e2c3b686eab9c5,SEC_RFO_Deviation_Part-45.pdf,SEC,45,0,https://www.acquisition.gov/sites/default/files/page_file_uploads/SEC_RFO_Deviation_Part-45.pdf,300982
3ea29ab33db6337c_SEC_RFO_Deviation_Part-46.pdf,3ea29ab33db6337c,SEC_RFO_Deviation_Part-46.pdf,SEC,46,0,https://www.acquisition.gov/sites/default/files/page_file_uploads/SEC_RFO_Deviation_Part-46.pdf,273143
c4ad19c337a913a3_SEC_RFO_Deviation_Part-47.pdf,c4ad19c337a913a3,SEC_RFO_Deviation_Part-47.pdf,SEC,47,0,https://www.acquisition.gov/sites/default/files/page_file_uploads/SEC_RFO_Deviation_Part-47.pdf,309644
236f6675c0a75b87_SEC_RFO_Deviation_Part-48.pdf,236f6675c0a75b87,SEC_RFO_Deviation_Part-48.pdf,SEC,48,0,https://www.acquisition.gov/sites/default/files/page_file_uploads/SEC_RFO_Deviation_Part-48.pdf,286288
97c901788bffa8e8_SEC_RFO_Deviation_Part-49.pdf,97c901788bffa8e8,SEC_RFO_Deviation_Part-49.pdf,SEC,49,0,https://www.acquisition.gov/sites/default/files/page_file_uploads/SEC_RFO_Deviation_Part-49.pdf,273382
e26c3fcaa1da4af5_SEC_RFO_Deviation_Part-50.pdf,e26c3fcaa1da4af5,SEC_RFO_Deviation_Part-50.pdf,SEC,50,0,https://www.acquisition.gov/sites/default/files/page_file_uploads/SEC_RFO_Deviation_Part-50.pdf,282773
706c39e970985ceb_SEC_RFO_Deviation_Part-51.pdf,706c39e970985ceb,SEC_RFO_Deviation_Part-51.pdf,SEC,51,0,https://www.acquisition.gov/sites/default/files/page_file_uploads/SEC_RFO_Deviation_Part-51.pdf,280567
686b9e4866e95b4f_SEC_RFO_Deviation_Part-53.pdf,686b9e4866e95b4f,SEC_RFO_Deviation_Part-53.pdf,SEC,53,0,https://www.acquisition.gov/sites/default/files/page_file_uploads/SEC_RFO_Deviation_Part-53.pdf,294039
a75bdc7643049cf0_SEC_RFO_Deviation_Part-6.pdf,a75bdc7643049cf0,SEC_RFO_Deviation_Part-6.pdf,SEC,6,0,https://www.acquisition.gov/sites/default/files/page_file_uploads/SEC_RFO_Deviation_Part-6.pdf,346501
caa123f0153c6be2_SEC_RFO_Deviation_Part-7.pdf,caa123f0153c6be2,SEC_RFO_Deviation_Part-7.pdf,SEC,7,0,https://www.acquisition.gov/sites/default/files/page_file_uploads/SEC_RFO_Deviation_Part-7.pdf,330782
27e798692af75d5b_SEC_RFO_Deviation_Parts-5-8-9-12and13.pdf,27e798692af75d5b,SEC_RFO_Deviation_Parts-5-8-9-12and13.pdf,SEC,5,0,https://www.acquisition.gov/sites/default/files/page_file_uploads/SEC_RFO_Deviation_Parts-5-8-9-12and13.pdf,332719
27e798692af75d5b_SEC_RFO_Deviation_Parts-5-8-9-12and13.pdf,27e798692af75d5b,SEC_RFO_Deviation_Parts-5-8-9-12and13.pdf,SEC,8,0,https://www.acquisition.gov/sites/default/files/page_file_uploads/SEC_RFO_Deviation_Parts-5-8-9-12and13.pdf,332719
27e798692af75d5b_SEC_RFO_Deviation_Parts-5-8-9-12and13.pdf,27e798692af75d5b,SEC_RFO_Deviation_Parts-5-8-9-12and13.pdf,SEC,9,0,https://www.acquisition.gov/sites/default/files/page_file_uploads/SEC_RFO_Deviation_Parts-5-8-9-12and13.pdf,332719
27e798692af75d5b_SEC_RFO_Deviation_Parts-5-8-9-12and13.pdf,27e798692af75d5b,SEC_RFO_Deviation_Parts-5-8-9-12and13.pdf,SEC,12,0,https://www.acquisition.gov/sites/default/files/page_file_uploads/SEC_RFO_Deviation_Parts-5-8-9-12and13.pdf,332719
27e798692af75d5b_SEC_RFO_Deviation_Parts-5-8-9-12and13.pdf,27e798692af75d5b,SEC_RFO_Deviation_Parts-5-8-9-12and13.pdf,SEC,13,0,https://www.acquisition.gov/sites/default/files/page_file_uploads/SEC_RFO_Deviation_Parts-5-8-9-12and13.pdf,332719
ea4d49e1d95366b9_SSA_RFO_Deviaiton_Parts-14-19-25-32-37-41-43-47and53.pdf,ea4d49e1d95366b9,SSA_RFO_Deviaiton_Parts-14-19-25-32-37-41-43-47and53.pdf,SSA,14,0,https://www.acquisition.gov/sites/default/files/page_file_uploads/SSA_RFO_Deviaiton_Parts-14-19-25-32-37-41-43-47and53.pdf,307329
ea4d49e1d95366b9_SSA_RFO_Deviaiton_Parts-14-19-25-32-37-41-43-47and53.pdf,ea4d49e1d95366b9,SSA_RFO_Deviaiton_Parts-14-19-25-32-37-41-43-47and53.pdf,SSA,19,0,https://www.acquisition.gov/sites/default/files/page_file_uploads/SSA_RFO_Deviaiton_Parts-14-19-25-32-37-41-43-47and53.pdf,307329
ea4d49e1d95366b9_SSA_RFO_Deviaiton_Parts-14-19-25-32-37-41-43-47and53.pdf,ea4d49e1d95366b9,SSA_RFO_Deviaiton_Parts-14-19-25-32-37-41-43-47and53.pdf,SSA,25,0,https://www.acquisition.gov/sites/default/files/page_file_uploads/SSA_RFO_Deviaiton_Parts-14-19-25-32-37-41-43-47and53.pdf,307329
ea4d49e1d95366b9_SSA_RFO_Deviaiton_Parts-14-19-25-32-37-41-43-47and53.pdf,ea4d49e1d95366b9,SSA_RFO_Deviaiton_Parts-14-19-25-32-37-41-43-47and53.pdf,SSA,32,0,https://www.acquisition.gov/sites/default/files/page_file_uploads/SSA_RFO_Deviaiton_Parts-14-19-25-32-37-41-43-47and53.pdf,307329
ea4d49e1d95366b9_SSA_RFO_Deviaiton_Parts-14-19-25-32-37-41-43-47and53.pdf,ea4d49e1d95366b9,SSA_RFO_Deviaiton_Parts-14-19-25-32-37-41-43-47and53.pdf,SSA,37,0,https://www.acquisition.gov/sites/default/files/page_file_uploads/SSA_RFO_Deviaiton_Parts-14-19-25-32-37-41-43-47and53.pdf,307329
ea4d49e1d95366b9_SSA_RFO_Deviaiton_Parts-14-19-25-32-37-41-43-47and53.pdf,ea4d49e1d95366b9,SSA_RFO_Deviaiton_Parts-14-19-25-32-37-41-43-47and53.pdf,SSA,41,0,https://www.acquisition.gov/sites/default/files/page_file_uploads/SSA_RFO_Deviaiton_Parts-14-19-25-32-37-41-43-47and53.pdf,307329
ea4d49e1d95366b9_SSA_RFO_Deviaiton_Parts-14-19-25-32-37-41-43-47and53.pdf,ea4d49e1d95366b9,SSA_RFO_Deviaiton_Parts-14-19-25-32-37-41-43-47and53.pdf,SSA,43,0,https://www.acquisition.gov/sites/default/files/page_file_uploads/SSA_RFO_Deviaiton_Parts-14-19-25-32-37-41-43-47and53.pdf,307329
ea4d49e1d95366b9_SSA_RFO_Deviaiton_Parts-14-19-25-32-37-41-43-47and53.pdf,ea4d49e1d95366b9,SSA_RFO_Deviaiton_Parts-14-19-25-32-37-41-43-47and53.pdf,SSA,47,0,https://www.acquisition.gov/sites/default/files/page_file_uploads/SSA_RFO_Deviaiton_Parts-14-19-25-32-37-41-43-47and53.pdf,307329
ea4d49e1d95366b9_SSA_RFO_Deviaiton_Parts-14-19-25-32-37-41-43-47and53.pdf,ea4d49e1d95366b9,SSA_RFO_Deviaiton_Parts-14-19-25-32-37-41-43-47and53.pdf,SSA,53,0,https://www.acquisition.gov/sites/default/files/page_file_uploads/SSA_RFO_Deviaiton_Parts-14-19-25-32-37-41-43-47and53.pdf,307329
a9aa8550da89e63d_SSA_RFO_Deviation_Part-29and31.pdf,a9aa8550da89e63d,SSA_RFO_Deviation_Part-29and31.pdf,SSA,29,0,https://www.acquisition.gov/sites/default/files/page_file_uploads/SSA_RFO_Deviation_Part-29and31.pdf,180363
a9aa8550da89e63d_SSA_RFO_Deviation_Part-29and31.pdf,a9aa8550da89e63d,SSA_RFO_Deviation_Part-29and31.pdf,SSA,31,0,https://www.acquisition.gov/sites/default/files/page_file_uploads/SSA_RFO_Deviation_Part-29and31.pdf,180363
8d910a8fa83a6041_SSA_RFO_Deviation_Part-3-7-13-17-24-27-44and45.pdf,8d910a8fa83a6041,SSA_RFO_Deviation_Part-3-7-13-17-24-27-44and45.pdf,SSA,3,0,https://www.acquisition.gov/sites/default/files/page_file_uploads/SSA_RFO_Deviation_Part-3-7-13-17-24-27-44and45.pdf,253278
8d910a8fa83a6041_SSA_RFO_Deviation_Part-3-7-13-17-24-27-44and45.pdf,8d910a8fa83a6041,SSA_RFO_Deviation_Part-3-7-13-17-24-27-44and45.pdf,SSA,7,0,https://www.acquisition.gov/sites/default/files/page_file_uploads/SSA_RFO_Deviation_Part-3-7-13-17-24-27-44and45.pdf,253278
8d910a8fa83a6041_SSA_RFO_Deviation_Part-3-7-13-17-24-27-44and45.pdf,8d910a8fa83a6041,SSA_RFO_Deviation_Part-3-7-13-17-24-27-44and45.pdf,SSA,13,0,https://www.acquisition.gov/sites/default/files/page_file_uploads/SSA_RFO_Deviation_Part-3-7-13-17-24-27-44and45.pdf,253278
8d910a8fa83a6041_SSA_RFO_Deviation_Part-3-7-13-17-24-27-44and45.pdf,8d910a8fa83a6041,SSA_RFO_Deviation_Part-3-7-13-17-24-27-44and45.pdf,SSA,17,0,https://www.acquisition.gov/sites/default/files/page_file_uploads/SSA_RFO_Deviation_Part-3-7-13-17-24-27-44and45.pdf,253278
8d910a8fa83a6041_SSA_RFO_Deviation_Part-3-7-13-17-24-27-44and45.pdf,8d910a8fa83a6041,SSA_RFO_Deviation_Part-3-7-13-17-24-27-44and45.pdf,SSA,24,0,https://www.acquisition.gov/sites/default/files/page_file_uploads/SSA_RFO_Deviation_Part-3-7-13-17-24-27-44and45.pdf,253278
8d910a8fa83a6041_SSA_RFO_Deviation_Part-3-7-13-17-24-27-44and45.pdf,8d910a8fa83a6041,SSA_RFO_Deviation_Part-3-7-13-17-24-27-44and45.pdf,SSA,27,0,https://www.acquisition.gov/sites/default/files/page_file_uploads/SSA_RFO_Deviation_Part-3-7-13-17-24-27-44and45.pdf,253278
8d910a8fa83a6041_SSA_RFO_Deviation_Part-3-7-13-17-24-27-44and45.pdf,8d910a8fa83a6041,SSA_RFO_Deviation_Part-3-7-13-17-24-27-44and45.pdf,SSA,44,0,https://www.acquisition.gov/sites/default/files/page_file_uploads/SSA_RFO_Deviation_Part-3-7-13-17-24-27-44and45.pdf,253278
8d910a8fa83a6041_SSA_RFO_Deviation_Part-3-7-13-17-24-27-44and45.pdf,8d910a8fa83a6041,SSA_RFO_Deviation_Part-3-7-13-17-24-27-44and45.pdf,SSA,45,0,https://www.acquisition.gov/sites/default/files/page_file_uploads/SSA_RFO_Deviation_Part-3-7-13-17-24-27-44and45.pdf,253278
14f5cce835fdc152_SSA_RFO_Deviation_Part-35-36and50.pdf,14f5cce835fdc152,SSA_RFO_Deviation_Part-35-36and50.pdf,SSA,35,0,https://www.acquisition.gov/sites/default/files/page_file_uploads/SSA_RFO_Deviation_Part-35-36and50.pdf,188587
14f5cce835fdc152_SSA_RFO_Deviation_Part-35-36and50.pdf,14f5cce835fdc152,SSA_RFO_Deviation_Part-35-36and50.pdf,SSA,36,0,https://www.acquisition.gov/sites/default/files/page_file_uploads/SSA_RFO_Deviation_Part-35-36and50.pdf,188587
14f5cce835fdc152_SSA_RFO_Deviation_Part-35-36and50.pdf,14f5cce835fdc152,SSA_RFO_Deviation_Part-35-36and50.pdf,SSA,50,0,https://www.acquisition.gov/sites/default/files/page_file_uploads/SSA_RFO_Deviation_Part-35-36and50.pdf,188587
73255d2a02e2f700_SSA_RFO_Deviation_Part-4-5-8-12-26-38-40and51.pdf,73255d2a02e2f700,SSA_RFO_Deviation_Part-4-5-8-12-26-38-40and51.pdf,SSA,4,0,https://www.acquisition.gov/sites/default/files/page_file_uploads/SSA_RFO_Deviation_Part-4-5-8-12-26-38-40and51.pdf,258246
73255d2a02e2f700_SSA_RFO_Deviation_Part-4-5-8-12-26-38-40and51.pdf,73255d2a02e2f700,SSA_RFO_Deviation_Part-4-5-8-12-26-38-40and51.pdf,SSA,5,0,https://www.acquisition.gov/sites/default/files/page_file_uploads/SSA_RFO_Deviation_Part-4-5-8-12-26-38-40and51.pdf,258246
73255d2a02e2f700_SSA_RFO_Deviation_Part-4-5-8-12-26-38-40and51.pdf,73255d2a02e2f700,SSA_RFO_Deviation_Part-4-5-8-12-26-38-40and51.pdf,SSA,8,0,https://www.acquisition.gov/sites/default/files/page_file_uploads/SSA_RFO_Deviation_Part-4-5-8-12-26-38-40and51.pdf,258246
73255d2a02e2f700_SSA_RFO_Deviation_Part-4-5-8-12-26-38-40and51.pdf,73255d2a02e2f700,SSA_RFO_Deviation_Part-4-5-8-12-26-38-40and51.pdf,SSA,12,0,https://www.acquisition.gov/sites/default/files/page_file_uploads/SSA_RFO_Deviation_Part-4-5-8-12-26-38-40and51.pdf,258246
73255d2a02e2f700_SSA_RFO_Deviation_Part-4-5-8-12-26-38-40and51.pdf,73255d2a02e2f700,SSA_RFO_Deviation_Part-4-5-8-12-26-38-40and51.pdf,SSA,26,0,https://www.acquisition.gov/sites/default/files/page_file_uploads/SSA_RFO_Deviation_Part-4-5-8-12-26-38-40and51.pdf,258246
73255d2a02e2f700_SSA_RFO_Deviation_Part-4-5-8-12-26-38-40and51.pdf,73255d2a02e2f700,SSA_RFO_Deviation_Part-4-5-8-12-26-38-40and51.pdf,SSA,38,0,https://www.acquisition.gov/sites/default/files/page_file_uploads/SSA_RFO_Deviation_Part-4-5-8-12-26-38-40and51.pdf,258246
73255d2a02e2f700_SSA_RFO_Deviation_Part-4-5-8-12-26-38-40and51.pdf,73255d2a02e2f700,SSA_RFO_Deviation_Part-4-5-8-12-26-38-40and51.pdf,SSA,40,0,https://www.acquisition.gov/sites/default/files/page_file_uploads/SSA_RFO_Deviation_Part-4-5-8-12-26-38-40and51.pdf,258246
73255d2a02e2f700_SSA_RFO_Deviation_Part-4-5-8-12-26-38-40and51.pdf,73255d2a02e2f700,SSA_RFO_Deviation_Part-4-5-8-12-26-38-40and51.pdf,SSA,51,0,https://www.acquisition.gov/sites/default/files/page_file_uploads/SSA_RFO_Deviation_Part-4-5-8-12-26-38-40and51.pdf,258246
3121a8862c8b45c1_SSA_RFO_Deviation_Part-6-11-18-39-43.pdf,3121a8862c8b45c1,SSA_RFO_Deviation_Part-6-11-18-39-43.pdf,SSA,6,0,https://www.acquisition.gov/sites/default/files/page_file_uploads/SSA_RFO_Deviation_Part-6-11-18-39-43.pdf,249831
3121a8862c8b45c1_SSA_RFO_Deviation_Part-6-11-18-39-43.pdf,3121a8862c8b45c1,SSA_RFO_Deviation_Part-6-11-18-39-43.pdf,SSA,11,0,https://www.acquisition.gov/sites/default/files/page_file_uploads/SSA_RFO_Deviation_Part-6-11-18-39-43.pdf,249831
3121a8862c8b45c1_SSA_RFO_Deviation_Part-6-11-18-39-43.pdf,3121a8862c8b45c1,SSA_RFO_Deviation_Part-6-11-18-39-43.pdf,SSA,18,0,https://www.acquisition.gov/sites/default/files/page_file_uploads/SSA_RFO_Deviation_Part-6-11-18-39-43.pdf,249831
3121a8862c8b45c1_SSA_RFO_Deviation_Part-6-11-18-39-43.pdf,3121a8862c8b45c1,SSA_RFO_Deviation_Part-6-11-18-39-43.pdf,SSA,39,0,https://www.acquisition.gov/sites/default/files/page_file_uploads/SSA_RFO_Deviation_Part-6-11-18-39-43.pdf,249831
3121a8862c8b45c1_SSA_RFO_Deviation_Part-6-11-18-39-43.pdf,3121a8862c8b45c1,SSA_RFO_Deviation_Part-6-11-18-39-43.pdf,SSA,43,0,https://www.acquisition.gov/sites/default/files/page_file_uploads/SSA_RFO_Deviation_Part-6-11-18-39-43.pdf,249831
9d89541b82ef88df_SSA_RFO_Deviation_Part-9-28-30-33-46-48and49.pdf,9d89541b82ef88df,SSA_RFO_Deviation_Part-9-28-30-33-46-48and49.pdf,SSA,9,0,https://www.acquisition.gov/sites/default/files/page_file_uploads/SSA_RFO_Deviation_Part-9-28-30-33-46-48and49.pdf,230875
9d89541b82ef88df_SSA_RFO_Deviation_Part-9-28-30-33-46-48and49.pdf,9d89541b82ef88df,SSA_RFO_Deviation_Part-9-28-30-33-46-48and49.pdf,SSA,28,0,https://www.acquisition.gov/sites/default/files/page_file_uploads/SSA_RFO_Deviation_Part-9-28-30-33-46-48and49.pdf,230875
9d89541b82ef88df_SSA_RFO_Deviation_Part-9-28-30-33-46-48and49.pdf,9d89541b82ef88df,SSA_RFO_Deviation_Part-9-28-30-33-46-48and49.pdf,SSA,30,0,https://www.acquisition.gov/sites/default/files/page_file_uploads/SSA_RFO_Deviation_Part-9-28-30-33-46-48and49.pdf,230875
9d89541b82ef88df_SSA_RFO_Deviation_Part-9-28-30-33-46-48and49.pdf,9d89541b82ef88df,SSA_RFO_Deviation_Part-9-28-30-33-46-48and49.pdf,SSA,33,0,https://www.acquisition.gov/sites/default/files/page_file_uploads/SSA_RFO_Deviation_Part-9-28-30-33-46-48and49.pdf,230875
9d89541b82ef88df_SSA_RFO_Deviation_Part-9-28-30-33-46-48and49.pdf,9d89541b82ef88df,SSA_RFO_Deviation_Part-9-28-30-33-46-48and49.pdf,SSA,46,0,https://www.acquisition.gov/sites/default/files/page_file_uploads/SSA_RFO_Deviation_Part-9-28-30-33-46-48and49.pdf,230875
9d89541b82ef88df_SSA_RFO_Deviation_Part-9-28-30-33-46-48and49.pdf,9d89541b82ef88df,SSA_RFO_Deviation_Part-9-28-30-33-46-48and49.pdf,SSA,48,0,https://www.acquisition.gov/sites/default/files/page_file_uploads/SSA_RFO_Deviation_Part-9-28-30-33-46-48and49.pdf,230875
9d89541b82ef88df_SSA_RFO_Deviation_Part-9-28-30-33-46-48and49.pdf,9d89541b82ef88df,SSA_RFO_Deviation_Part-9-28-30-33-46-48and49.pdf,SSA,49,0,https://www.acquisition.gov/sites/default/files/page_file_uploads/SSA_RFO_Deviation_Part-9-28-30-33-46-48and49.pdf,230875
916620cc7d454af7_SSA_RFO_Deviation_Parts-15-16-22and23.pdf,916620cc7d454af7,SSA_RFO_Deviation_Parts-15-16-22and23.pdf,SSA,15,0,https://www.acquisition.gov/sites/default/files/page_file_uploads/SSA_RFO_Deviation_Parts-15-16-22and23.pdf,280208
916620cc7d454af7_SSA_RFO_Deviation_Parts-15-16-22and23.pdf,916620cc7d454af7,SSA_RFO_Deviation_Parts-15-16-22and23.pdf,SSA,16,0,https://www.acquisition.gov/sites/default/files/page_file_uploads/SSA_RFO_Deviation_Parts-15-16-22and23.pdf,280208
916620cc7d454af7_SSA_RFO_Deviation_Parts-15-16-22and23.pdf,916620cc7d454af7,SSA_RFO_Deviation_Parts-15-16-22and23.pdf,SSA,22,0,https://www.acquisition.gov/sites/default/files/page_file_uploads/SSA_RFO_Deviation_Parts-15-16-22and23.pdf,280208
916620cc7d454af7_SSA_RFO_Deviation_Parts-15-16-22and23.pdf,916620cc7d454af7,SSA_RFO_Deviation_Parts-15-16-22and23.pdf,SSA,23,0,https://www.acquisition.gov/sites/default/files/page_file_uploads/SSA_RFO_Deviation_Parts-15-16-22and23.pdf,280208
bd2f00f826450e8c_SSA_RFO_Deviations_Parts-1-10-34.pdf,bd2f00f826450e8c,SSA_RFO_Deviations_Parts-1-10-34.pdf,SSA,1,0,https://www.acquisition.gov/sites/default/files/page_file_uploads/SSA_RFO_Deviations_Parts-1-10-34.pdf,127860
bd2f00f826450e8c_SSA_RFO_Deviations_Parts-1-10-34.pdf,bd2f00f826450e8c,SSA_RFO_Deviations_Parts-1-10-34.pdf,SSA,10,0,https://www.acquisition.gov/sites/default/files/page_file_uploads/SSA_RFO_Deviations_Parts-1-10-34.pdf,127860
bd2f00f826450e8c_SSA_RFO_Deviations_Parts-1-10-34.pdf,bd2f00f826450e8c,SSA_RFO_Deviations_Parts-1-10-34.pdf,SSA,34,0,https://www.acquisition.gov/sites/default/files/page_file_uploads/SSA_RFO_Deviations_Parts-1-10-34.pdf,127860
61440ff7c994d808_TREASURY_RFO_Deviation_Part-1.pdf,61440ff7c994d808,TREASURY_RFO_Deviation_Part-1.pdf,Treasury,1,0,https://www.acquisition.gov/sites/default/files/page_file_uploads/TREASURY_RFO_Deviation_Part-1.pdf,310131
feebd9e5daf00242_TREASURY_RFO_Deviation_Part-10.pdf,feebd9e5daf00242,TREASURY_RFO_Deviation_Part-10.pdf,Treasury,10,0,https://www.acquisition.gov/sites/default/files/page_file_uploads/TREASURY_RFO_Deviation_Part-10.pdf,319623
907cdc8c75bef294_TREASURY_RFO_Deviation_Part-11.pdf,907cdc8c75bef294,TREASURY_RFO_Deviation_Part-11.pdf,Treasury,11,0,https://www.acquisition.gov/sites/default/files/page_file_uploads/TREASURY_RFO_Deviation_Part-11.pdf,350966
297fe91912d22e55_TREASURY_RFO_Deviation_Part-12.pdf,297fe91912d22e55,TREASURY_RFO_Deviation_Part-12.pdf,Treasury,12,0,https://www.acquisition.gov/sites/default/files/page_file_uploads/TREASURY_RFO_Deviation_Part-12.pdf,330560
9325e91948dfdea1_TREASURY_RFO_Deviation_Part-13.pdf,9325e91948dfdea1,TREASURY_RFO_Deviation_Part-13.pdf,Treasury,13,0,https://www.acquisition.gov/sites/default/files/page_file_uploads/TREASURY_RFO_Deviation_Part-13.pdf,358066
64161f5c302e3d16_TREASURY_RFO_Deviation_Part-14.pdf,64161f5c302e3d16,TREASURY_RFO_Deviation_Part-14.pdf,Treasury,14,0,https://www.acquisition.gov/sites/default/files/page_file_uploads/TREASURY_RFO_Deviation_Part-14.pdf,381082
9e78decd12e69fc2_TREASURY_RFO_Deviation_Part-15_0.pdf,9e78decd12e69fc2,TREASURY_RFO_Deviation_Part-15_0.pdf,Treasury,0,0,https://www.acquisition.gov/sites/default/files/page_file_uploads/TREASURY_RFO_Deviation_Part-15_0.pdf,413405
9e78decd12e69fc2_TREASURY_RFO_Deviation_Part-15_0.pdf,9e78decd12e69fc2,TREASURY_RFO_Deviation_Part-15_0.pdf,Treasury,15,0,https://www.acquisition.gov/sites/default/files/page_file_uploads/TREASURY_RFO_Deviation_Part-15_0.pdf,413405
1a6c3af020f6442a_TREASURY_RFO_Deviation_Part-16.pdf,1a6c3af020f6442a,TREASURY_RFO_Deviation_Part-16.pdf,Treasury,16,0,https://www.acquisition.gov/sites/default/files/page_file_uploads/TREASURY_RFO_Deviation_Part-16.pdf,371927
6cccd8df2de5bbc4_TREASURY_RFO_Deviation_Part-18.pdf,6cccd8df2de5bbc4,TREASURY_RFO_Deviation_Part-18.pdf,Treasury,18,0,https://www.acquisition.gov/sites/default/files/page_file_uploads/TREASURY_RFO_Deviation_Part-18.pdf,356383
85296ad59d363838_TREASURY_RFO_Deviation_Part-19.pdf,85296ad59d363838,TREASURY_RFO_Deviation_Part-19.pdf,Treasury,19,0,https://www.acquisition.gov/sites/default/files/page_file_uploads/TREASURY_RFO_Deviation_Part-19.pdf,424704
0c194e7ec7b77111_TREASURY_RFO_Deviation_Part-22_0.pdf,0c194e7ec7b77111,TREASURY_RFO_Deviation_Part-22_0.pdf,Treasury,0,0,https://www.acquisition.gov/sites/default/files/page_file_uploads/TREASURY_RFO_Deviation_Part-22_0.pdf,362475
0c194e7ec7b77111_TREASURY_RFO_Deviation_Part-22_0.pdf,0c194e7ec7b77111,TREASURY_RFO_Deviation_Part-22_0.pdf,Treasury,22,0,https://www.acquisition.gov/sites/default/files/page_file_uploads/TREASURY_RFO_Deviation_Part-22_0.pdf,362475
a84d027917112938_TREASURY_RFO_Deviation_Part-23.pdf,a84d027917112938,TREASURY_RFO_Deviation_Part-23.pdf,Treasury,23,0,https://www.acquisition.gov/sites/default/files/page_file_uploads/TREASURY_RFO_Deviation_Part-23.pdf,392219
006272244b6fa602_TREASURY_RFO_Deviation_Part-25.pdf,006272244b6fa602,TREASURY_RFO_Deviation_Part-25.pdf,Treasury,25,0,https://www.acquisition.gov/sites/default/files/page_file_uploads/TREASURY_RFO_Deviation_Part-25.pdf,415222
c9bc11cc4ee29334_TREASURY_RFO_Deviation_Part-26.pdf,c9bc11cc4ee29334,TREASURY_RFO_Deviation_Part-26.pdf,Treasury,26,0,https://www.acquisition.gov/sites/default/files/page_file_uploads/TREASURY_RFO_Deviation_Part-26.pdf,208500
c3ba8a727d1393aa_TREASURY_RFO_Deviation_Part-27.pdf,c3ba8a727d1393aa,TREASURY_RFO_Deviation_Part-27.pdf,Treasury,27,0,https://www.acquisition.gov/sites/default/files/page_file_uploads/TREASURY_RFO_Deviation_Part-27.pdf,389269
1f4394722111b09b_TREASURY_RFO_Deviation_Part-28.pdf,1f4394722111b09b,TREASURY_RFO_Deviation_Part-28.pdf,Treasury,28,0,https://www.acquisition.gov/sites/default/files/page_file_uploads/TREASURY_RFO_Deviation_Part-28.pdf,316611
919d07c8b0511120_TREASURY_RFO_Deviation_Part-29.pdf,919d07c8b0511120,TREASURY_RFO_Deviation_Part-29.pdf,Treasury,29,0,https://www.acquisition.gov/sites/default/files/page_file_uploads/TREASURY_RFO_Deviation_Part-29.pdf,363584
ce5e06726ecab9dd_TREASURY_RFO_Deviation_Part-3.pdf,ce5e06726ecab9dd,TREASURY_RFO_Deviation_Part-3.pdf,Treasury,3,0,https://www.acquisition.gov/sites/default/files/page_file_uploads/TREASURY_RFO_Deviation_Part-3.pdf,352522
528e815089e977be_TREASURY_RFO_Deviation_Part-30.pdf,528e815089e977be,TREASURY_RFO_Deviation_Part-30.pdf,Treasury,30,0,https://www.acquisition.gov/sites/default/files/page_file_uploads/TREASURY_RFO_Deviation_Part-30.pdf,332436
251fade854b3bfa6_TREASURY_RFO_Deviation_Part-31.pdf,251fade854b3bfa6,TREASURY_RFO_Deviation_Part-31.pdf,Treasury,31,0,https://www.acquisition.gov/sites/default/files/page_file_uploads/TREASURY_RFO_Deviation_Part-31.pdf,381455
a1771f2d61fd2d3d_TREASURY_RFO_Deviation_Part-32.pdf,a1771f2d61fd2d3d,TREASURY_RFO_Deviation_Part-32.pdf,Treasury,32,0,https://www.acquisition.gov/sites/default/files/page_file_uploads/TREASURY_RFO_Deviation_Part-32.pdf,423381
ee248b058a100116_TREASURY_RFO_Deviation_Part-33.pdf,ee248b058a100116,TREASURY_RFO_Deviation_Part-33.pdf,Treasury,33,0,https://www.acquisition.gov/sites/default/files/page_file_uploads/TREASURY_RFO_Deviation_Part-33.pdf,329641
a7e71d0fafc0a857_TREASURY_RFO_Deviation_Part-34.pdf,a7e71d0fafc0a857,TREASURY_RFO_Deviation_Part-34.pdf,Treasury,34,0,https://www.acquisition.gov/sites/default/files/page_file_uploads/TREASURY_RFO_Deviation_Part-34.pdf,309309
c58dfbe6c662b1f2_TREASURY_RFO_Deviation_Part-35.pdf,c58dfbe6c662b1f2,TREASURY_RFO_Deviation_Part-35.pdf,Treasury,35,0,https://www.acquisition.gov/sites/default/files/page_file_uploads/TREASURY_RFO_Deviation_Part-35.pdf,343084
15b94e871c664c9d_TREASURY_RFO_Deviation_Part-36.pdf,15b94e871c664c9d,TREASURY_RFO_Deviation_Part-36.pdf,Treasury,36,0,https://www.acquisition.gov/sites/default/files/page_file_uploads/TREASURY_RFO_Deviation_Part-36.pdf,379431
ce275970238ba8c3_TREASURY_RFO_Deviation_Part-37.pdf,ce275970238ba8c3,TREASURY_RFO_Deviation_Part-37.pdf,Treasury,37,0,https://www.acquisition.gov/sites/default/files/page_file_uploads/TREASURY_RFO_Deviation_Part-37.pdf,392040
5236e82e7a7904c0_TREASURY_RFO_Deviation_Part-38.pdf,5236e82e7a7904c0,TREASURY_RFO_Deviation_Part-38.pdf,Treasury,38,0,https://www.acquisition.gov/sites/default/files/page_file_uploads/TREASURY_RFO_Deviation_Part-38.pdf,280487
0e1dfd370751379c_TREASURY_RFO_Deviation_Part-39.pdf,0e1dfd370751379c,TREASURY_RFO_Deviation_Part-39.pdf,Treasury,39,0,https://www.acquisition.gov/sites/default/files/page_file_uploads/TREASURY_RFO_Deviation_Part-39.pdf,346484
c1b77eb6dbc3a90c_TREASURY_RFO_Deviation_Part-4.pdf,c1b77eb6dbc3a90c,TREASURY_RFO_Deviation_Part-4.pdf,Treasury,4,0,https://www.acquisition.gov/sites/default/files/page_file_uploads/TREASURY_RFO_Deviation_Part-4.pdf,270110
39a55a5075b821fb_TREASURY_RFO_Deviation_Part-40.pdf,39a55a5075b821fb,TREASURY_RFO_Deviation_Part-40.pdf,Treasury,40,0,https://www.acquisition.gov/sites/default/files/page_file_uploads/TREASURY_RFO_Deviation_Part-40.pdf,336226
18791e512f168526_TREASURY_RFO_Deviation_Part-41_0.pdf,18791e512f168526,TREASURY_RFO_Deviation_Part-41_0.pdf,Treasury,0,0,https://www.acquisition.gov/sites/default/files/page_file_uploads/TREASURY_RFO_Deviation_Part-41_0.pdf,329993
18791e512f168526_TREASURY_RFO_Deviation_Part-41_0.pdf,18791e512f168526,TREASURY_RFO_Deviation_Part-41_0.pdf,Treasury,41,0,https://www.acquisition.gov/sites/default/files/page_file_uploads/TREASURY_RFO_Deviation_Part-41_0.pdf,329993
113bc7095b19f416_TREASURY_RFO_Deviation_Part-42.pdf,113bc7095b19f416,TREASURY_RFO_Deviation_Part-42.pdf,Treasury,42,0,https://www.acquisition.gov/sites/default/files/page_file_uploads/TREASURY_RFO_Deviation_Part-42.pdf,427151
d70dcf26e82ef616_TREASURY_RFO_Deviation_Part-43.pdf,d70dcf26e82ef616,TREASURY_RFO_Deviation_Part-43.pdf,Treasury,43,0,https://www.acquisition.gov/sites/default/files/page_file_uploads/TREASURY_RFO_Deviation_Part-43.pdf,312790
b2b566b6db08c66d_TREASURY_RFO_Deviation_Part-45.pdf,b2b566b6db08c66d,TREASURY_RFO_Deviation_Part-45.pdf,Treasury,45,0,https://www.acquisition.gov/sites/default/files/page_file_uploads/TREASURY_RFO_Deviation_Part-45.pdf,338081
ab606c29ff4033fa_TREASURY_RFO_Deviation_Part-46.pdf,ab606c29ff4033fa,TREASURY_RFO_Deviation_Part-46.pdf,Treasury,46,0,https://www.acquisition.gov/sites/default/files/page_file_uploads/TREASURY_RFO_Deviation_Part-46.pdf,319825
4f19300e5e95155e_TREASURY_RFO_Deviation_Part-47_0.pdf,4f19300e5e95155e,TREASURY_RFO_Deviation_Part-47_0.pdf,Treasury,0,0,https://www.acquisition.gov/sites/default/files/page_file_uploads/TREASURY_RFO_Deviation_Part-47_0.pdf,426316
4f19300e5e95155e_TREASURY_RFO_Deviation_Part-47_0.pdf,4f19300e5e95155e,TREASURY_RFO_Deviation_Part-47_0.pdf,Treasury,47,0,https://www.acquisition.gov/sites/default/files/page_file_uploads/TREASURY_RFO_Deviation_Part-47_0.pdf,426316
0df2a87e468daae4_TREASURY_RFO_Deviation_Part-48.pdf,0df2a87e468daae4,TREASURY_RFO_Deviation_Part-48.pdf,Treasury,48,0,https://www.acquisition.gov/sites/default/files/page_file_uploads/TREASURY_RFO_Deviation_Part-48.pdf,435280
a47a5fa2a83f1c01_TREASURY_RFO_Deviation_Part-49.pdf,a47a5fa2a83f1c01,TREASURY_RFO_Deviation_Part-49.pdf,Treasury,49,0,https://www.acquisition.gov/sites/default/files/page_file_uploads/TREASURY_RFO_Deviation_Part-49.pdf,320088
b1541cea25920a82_TREASURY_RFO_Deviation_Part-5.pdf,b1541cea25920a82,TREASURY_RFO_Deviation_Part-5.pdf,Treasury,5,0,https://www.acquisition.gov/sites/default/files/page_file_uploads/TREASURY_RFO_Deviation_Part-5.pdf,207890
8a51344033841c09_TREASURY_RFO_Deviation_Part-50.pdf,8a51344033841c09,TREASURY_RFO_Deviation_Part-50.pdf,Treasury,50,0,https://www.acquisition.gov/sites/default/files/page_file_uploads/TREASURY_RFO_Deviation_Part-50.pdf,325786
40b116a06ab76c9c_TREASURY_RFO_Deviation_Part-51.pdf,40b116a06ab76c9c,TREASURY_RFO_Deviation_Part-51.pdf,Treasury,51,0,https://www.acquisition.gov/sites/default/files/page_file_uploads/TREASURY_RFO_Deviation_Part-51.pdf,281142
a14d485f29a9c295_TREASURY_RFO_Deviation_Part-6.pdf,a14d485f29a9c295,TREASURY_RFO_Deviation_Part-6.pdf,Treasury,6,0,https://www.acquisition.gov/sites/default/files/page_file_uploads/TREASURY_RFO_Deviation_Part-6.pdf,316086
eb6d1daab9422f8d_TREASURY_RFO_Deviation_Part-7.pdf,eb6d1daab9422f8d,TREASURY_RFO_Deviation_Part-7.pdf,Treasury,7,0,https://www.acquisition.gov/sites/default/files/page_file_uploads/TREASURY_RFO_Deviation_Part-7.pdf,316786
fec2cbe668417bb4_TREASURY_RFO_Deviation_Part-8.pdf,fec2cbe668417bb4,TREASURY_RFO_Deviation_Part-8.pdf,Treasury,8,0,https://www.acquisition.gov/sites/default/files/page_file_uploads/TREASURY_RFO_Deviation_Part-8.pdf,335069
2de1195176b692d6_TREASURY_RFO_Deviation_Part-9.pdf,2de1195176b692d6,TREASURY_RFO_Deviation_Part-9.pdf,Treasury,9,0,https://www.acquisition.gov/sites/default/files/page_file_uploads/TREASURY_RFO_Deviation_Part-9.pdf,326178
e767d5b2ee2c285f_USAID_RFO_Deviation_Parts-1-6-10-11-18-29-31-34-39-43and52.pdf,e767d5b2ee2c285f,USAID_RFO_Deviation_Parts-1-6-10-11-18-29-31-34-39-43and52.pdf,USAID,1,0,https://www.acquisition.gov/sites/default/files/page_file_uploads/USAID_RFO_Deviation_Parts-1-6-10-11-18-29-31-34-39-43and52.pdf,3367821
e767d5b2ee2c285f_USAID_RFO_Deviation_Parts-1-6-10-11-18-29-31-34-39-43and52.pdf,e767d5b2ee2c285f,USAID_RFO_Deviation_Parts-1-6-10-11-18-29-31-34-39-43and52.pdf,USAID,6,0,https://www.acquisition.gov/sites/default/files/page_file_uploads/USAID_RFO_Deviation_Parts-1-6-10-11-18-29-31-34-39-43and52.pdf,3367821
e767d5b2ee2c285f_USAID_RFO_Deviation_Parts-1-6-10-11-18-29-31-34-39-43and52.pdf,e767d5b2ee2c285f,USAID_RFO_Deviation_Parts-1-6-10-11-18-29-31-34-39-43and52.pdf,USAID,10,0,https://www.acquisition.gov/sites/default/files/page_file_uploads/USAID_RFO_Deviation_Parts-1-6-10-11-18-29-31-34-39-43and52.pdf,3367821
e767d5b2ee2c285f_USAID_RFO_Deviation_Parts-1-6-10-11-18-29-31-34-39-43and52.pdf,e767d5b2ee2c285f,USAID_RFO_Deviation_Parts-1-6-10-11-18-29-31-34-39-43and52.pdf,USAID,11,0,https://www.acquisition.gov/sites/default/files/page_file_uploads/USAID_RFO_Deviation_Parts-1-6-10-11-18-29-31-34-39-43and52.pdf,3367821
e767d5b2ee2c285f_USAID_RFO_Deviation_Parts-1-6-10-11-18-29-31-34-39-43and52.pdf,e767d5b2ee2c285f,USAID_RFO_Deviation_Parts-1-6-10-11-18-29-31-34-39-43and52.pdf,USAID,18,0,https://www.acquisition.gov/sites/default/files/page_file_uploads/USAID_RFO_Deviation_Parts-1-6-10-11-18-29-31-34-39-43and52.pdf,3367821
e767d5b2ee2c285f_USAID_RFO_Deviation_Parts-1-6-10-11-18-29-31-34-39-43and52.pdf,e767d5b2ee2c285f,USAID_RFO_Deviation_Parts-1-6-10-11-18-29-31-34-39-43and52.pdf,USAID,29,0,https://www.acquisition.gov/sites/default/files/page_file_uploads/USAID_RFO_Deviation_Parts-1-6-10-11-18-29-31-34-39-43and52.pdf,3367821
e767d5b2ee2c285f_USAID_RFO_Deviation_Parts-1-6-10-11-18-29-31-34-39-43and52.pdf,e767d5b2ee2c285f,USAID_RFO_Deviation_Parts-1-6-10-11-18-29-31-34-39-43and52.pdf,USAID,31,0,https://www.acquisition.gov/sites/default/files/page_file_uploads/USAID_RFO_Deviation_Parts-1-6-10-11-18-29-31-34-39-43and52.pdf,3367821
e767d5b2ee2c285f_USAID_RFO_Deviation_Parts-1-6-10-11-18-29-31-34-39-43and52.pdf,e767d5b2ee2c285f,USAID_RFO_Deviation_Parts-1-6-10-11-18-29-31-34-39-43and52.pdf,USAID,34,0,https://www.acquisition.gov/sites/default/files/page_file_uploads/USAID_RFO_Deviation_Parts-1-6-10-11-18-29-31-34-39-43and52.pdf,3367821
e767d5b2ee2c285f_USAID_RFO_Deviation_Parts-1-6-10-11-18-29-31-34-39-43and52.pdf,e767d5b2ee2c285f,USAID_RFO_Deviation_Parts-1-6-10-11-18-29-31-34-39-43and52.pdf,USAID,39,0,https://www.acquisition.gov/sites/default/files/page_file_uploads/USAID_RFO_Deviation_Parts-1-6-10-11-18-29-31-34-39-43and52.pdf,3367821
e767d5b2ee2c285f_USAID_RFO_Deviation_Parts-1-6-10-11-18-29-31-34-39-43and52.pdf,e767d5b2ee2c285f,USAID_RFO_Deviation_Parts-1-6-10-11-18-29-31-34-39-43and52.pdf,USAID,43,0,https://www.acquisition.gov/sites/default/files/page_file_uploads/USAID_RFO_Deviation_Parts-1-6-10-11-18-29-31-34-39-43and52.pdf,3367821
e767d5b2ee2c285f_USAID_RFO_Deviation_Parts-1-6-10-11-18-29-31-34-39-43and52.pdf,e767d5b2ee2c285f,USAID_RFO_Deviation_Parts-1-6-10-11-18-29-31-34-39-43and52.pdf,USAID,52,0,https://www.acquisition.gov/sites/default/files/page_file_uploads/USAID_RFO_Deviation_Parts-1-6-10-11-18-29-31-34-39-43and52.pdf,3367821
4b1bf96bec5a611a_USDA_RFO_Deviation_Part-1.pdf,4b1bf96bec5a611a,USDA_RFO_Deviation_Part-1.pdf,USDA,1,0,https://www.acquisition.gov/sites/default/files/page_file_uploads/USDA_RFO_Deviation_Part-1.pdf,194252
3eb897fc10f571a4_USDA_RFO_Deviation_Part-10.pdf,3eb897fc10f571a4,USDA_RFO_Deviation_Part-10.pdf,USDA,10,0,https://www.acquisition.gov/sites/default/files/page_file_uploads/USDA_RFO_Deviation_Part-10.pdf,301596
1e7efb7ca55969a4_USDA_RFO_Deviation_Part-11.pdf,1e7efb7ca55969a4,USDA_RFO_Deviation_Part-11.pdf,USDA,11,0,https://www.acquisition.gov/sites/default/files/page_file_uploads/USDA_RFO_Deviation_Part-11.pdf,328940
318ef00b53366951_USDA_RFO_Deviation_Part-12.pdf,318ef00b53366951,USDA_RFO_Deviation_Part-12.pdf,USDA,12,0,https://www.acquisition.gov/sites/default/files/page_file_uploads/USDA_RFO_Deviation_Part-12.pdf,318680
7029f6e482932303_USDA_RFO_Deviation_Part-13.pdf,7029f6e482932303,USDA_RFO_Deviation_Part-13.pdf,USDA,13,0,https://www.acquisition.gov/sites/default/files/page_file_uploads/USDA_RFO_Deviation_Part-13.pdf,309645
c3b3ad9c69225859_USDA_RFO_Deviation_Part-14.pdf,c3b3ad9c69225859,USDA_RFO_Deviation_Part-14.pdf,USDA,14,0,https://www.acquisition.gov/sites/default/files/page_file_uploads/USDA_RFO_Deviation_Part-14.pdf,339661
10fc625d1e88586a_USDA_RFO_Deviation_Part-15.pdf,10fc625d1e88586a,USDA_RFO_Deviation_Part-15.pdf,USDA,15,0,https://www.acquisition.gov/sites/default/files/page_file_uploads/USDA_RFO_Deviation_Part-15.pdf,358034
68bb6fca368a2a98_USDA_RFO_Deviation_Part-16.pdf,68bb6fca368a2a98,USDA_RFO_Deviation_Part-16.pdf,USDA,16,0,https://www.acquisition.gov/sites/default/files/page_file_uploads/USDA_RFO_Deviation_Part-16.pdf,325191
fbaabeb86c61605e_USDA_RFO_Deviation_Part-17.pdf,fbaabeb86c61605e,USDA_RFO_Deviation_Part-17.pdf,USDA,17,0,https://www.acquisition.gov/sites/default/files/page_file_uploads/USDA_RFO_Deviation_Part-17.pdf,311956
58d1c212dfa0bf8a_USDA_RFO_Deviation_Part-18.pdf,58d1c212dfa0bf8a,USDA_RFO_Deviation_Part-18.pdf,USDA,18,0,https://www.acquisition.gov/sites/default/files/page_file_uploads/USDA_RFO_Deviation_Part-18.pdf,300854
7bc23503ddd73351_USDA_RFO_Deviation_Part-19.pdf,7bc23503ddd73351,USDA_RFO_Deviation_Part-19.pdf,USDA,19,0,https://www.acquisition.gov/sites/default/files/page_file_uploads/USDA_RFO_Deviation_Part-19.pdf,376670
1369d0fe0408972d_USDA_RFO_Deviation_Part-22.pdf,1369d0fe0408972d,USDA_RFO_Deviation_Part-22.pdf,USDA,22,0,https://www.acquisition.gov/sites/default/files/page_file_uploads/USDA_RFO_Deviation_Part-22.pdf,353790
090c8be190a4d72f_USDA_RFO_Deviation_Part-23.pdf,090c8be190a4d72f,USDA_RFO_Deviation_Part-23.pdf,USDA,23,0,https://www.acquisition.gov/sites/default/files/page_file_uploads/USDA_RFO_Deviation_Part-23.pdf,343678
fdda7dd459413844_USDA_RFO_Deviation_Part-24.pdf,fdda7dd459413844,USDA_RFO_Deviation_Part-24.pdf,USDA,24,0,https://www.acquisition.gov/sites/default/files/page_file_uploads/USDA_RFO_Deviation_Part-24.pdf,280256
59ab63c404203aa8_USDA_RFO_Deviation_Part-25.pdf,59ab63c404203aa8,USDA_RFO_Deviation_Part-25.pdf,USDA,25,0,https://www.acquisition.gov/sites/default/files/page_file_uploads/USDA_RFO_Deviation_Part-25.pdf,328973
adf2536173b3d49a_USDA_RFO_Deviation_Part-26.pdf,adf2536173b3d49a,USDA_RFO_Deviation_Part-26.pdf,USDA,26,0,https://www.acquisition.gov/sites/default/files/page_file_uploads/USDA_RFO_Deviation_Part-26.pdf,306526
1671dc83bf34808d_USDA_RFO_Deviation_Part-27.pdf,1671dc83bf34808d,USDA_RFO_Deviation_Part-27.pdf,USDA,27,0,https://www.acquisition.gov/sites/default/files/page_file_uploads/USDA_RFO_Deviation_Part-27.pdf,340271
19fde1e16d827e46_USDA_RFO_Deviation_Part-28.pdf,19fde1e16d827e46,USDA_RFO_Deviation_Part-28.pdf,USDA,28,0,https://www.acquisition.gov/sites/default/files/page_file_uploads/USDA_RFO_Deviation_Part-28.pdf,280662
d94838d27dd76eef_USDA_RFO_Deviation_Part-29.pdf,d94838d27dd76eef,USDA_RFO_Deviation_Part-29.pdf,USDA,29,0,https://www.acquisition.gov/sites/default/files/page_file_uploads/USDA_RFO_Deviation_Part-29.pdf,307330
18ec9c8fb91ee0f3_USDA_RFO_Deviation_Part-3.pdf,18ec9c8fb91ee0f3,USDA_RFO_Deviation_Part-3.pdf,USDA,3,0,https://www.acquisition.gov/sites/default/files/page_file_uploads/USDA_RFO_Deviation_Part-3.pdf,308190
10c79ca9d3334cd2_USDA_RFO_Deviation_Part-30.pdf,10c79ca9d3334cd2,USDA_RFO_Deviation_Part-30.pdf,USDA,30,0,https://www.acquisition.gov/sites/default/files/page_file_uploads/USDA_RFO_Deviation_Part-30.pdf,317040
cdfd69f2976ea432_USDA_RFO_Deviation_Part-31.pdf,cdfd69f2976ea432,USDA_RFO_Deviation_Part-31.pdf,USDA,31,0,https://www.acquisition.gov/sites/default/files/page_file_uploads/USDA_RFO_Deviation_Part-31.pdf,289538
ba714f8421ba4a97_USDA_RFO_Deviation_Part-32.pdf,ba714f8421ba4a97,USDA_RFO_Deviation_Part-32.pdf,USDA,32,0,https://www.acquisition.gov/sites/default/files/page_file_uploads/USDA_RFO_Deviation_Part-32.pdf,312948
7b69058de22a4ce9_USDA_RFO_Deviation_Part-33.pdf,7b69058de22a4ce9,USDA_RFO_Deviation_Part-33.pdf,USDA,33,0,https://www.acquisition.gov/sites/default/files/page_file_uploads/USDA_RFO_Deviation_Part-33.pdf,308950
678ac78e0dce3ae0_USDA_RFO_Deviation_Part-34.pdf,678ac78e0dce3ae0,USDA_RFO_Deviation_Part-34.pdf,USDA,34,0,https://www.acquisition.gov/sites/default/files/page_file_uploads/USDA_RFO_Deviation_Part-34.pdf,189629
16608bab0f4994d1_USDA_RFO_Deviation_Part-35.pdf,16608bab0f4994d1,USDA_RFO_Deviation_Part-35.pdf,USDA,35,0,https://www.acquisition.gov/sites/default/files/page_file_uploads/USDA_RFO_Deviation_Part-35.pdf,305016
0b4baaf542f0c774_USDA_RFO_Deviation_Part-36.pdf,0b4baaf542f0c774,USDA_RFO_Deviation_Part-36.pdf,USDA,36,0,https://www.acquisition.gov/sites/default/files/page_file_uploads/USDA_RFO_Deviation_Part-36.pdf,205640
e1756e5967919671_USDA_RFO_Deviation_Part-37.pdf,e1756e5967919671,USDA_RFO_Deviation_Part-37.pdf,USDA,37,0,https://www.acquisition.gov/sites/default/files/page_file_uploads/USDA_RFO_Deviation_Part-37.pdf,343213
e6566eab2144eead_USDA_RFO_Deviation_Part-38.pdf,e6566eab2144eead,USDA_RFO_Deviation_Part-38.pdf,USDA,38,0,https://www.acquisition.gov/sites/default/files/page_file_uploads/USDA_RFO_Deviation_Part-38.pdf,278832
ac16249f411f91e3_USDA_RFO_Deviation_Part-39.pdf,ac16249f411f91e3,USDA_RFO_Deviation_Part-39.pdf,USDA,39,0,https://www.acquisition.gov/sites/default/files/page_file_uploads/USDA_RFO_Deviation_Part-39.pdf,305490
cc56a0183ff07a15_USDA_RFO_Deviation_Part-4.pdf,cc56a0183ff07a15,USDA_RFO_Deviation_Part-4.pdf,USDA,4,0,https://www.acquisition.gov/sites/default/files/page_file_uploads/USDA_RFO_Deviation_Part-4.pdf,324659
b59efeec7c52cf90_USDA_RFO_Deviation_Part-40.pdf,b59efeec7c52cf90,USDA_RFO_Deviation_Part-40.pdf,USDA,40,0,https://www.acquisition.gov/sites/default/files/page_file_uploads/USDA_RFO_Deviation_Part-40.pdf,321819
903079f942b349ac_USDA_RFO_Deviation_Part-41.pdf,903079f942b349ac,USDA_RFO_Deviation_Part-41.pdf,USDA,41,0,https://www.acquisition.gov/sites/default/files/page_file_uploads/USDA_RFO_Deviation_Part-41.pdf,280491
0740581d02eaf462_USDA_RFO_Deviation_Part-43.pdf,0740581d02eaf462,USDA_RFO_Deviation_Part-43.pdf,USDA,43,0,https://www.acquisition.gov/sites/default/files/page_file_uploads/USDA_RFO_Deviation_Part-43.pdf,281984
84e9b3334d3d4567_USDA_RFO_Deviation_Part-44.pdf,84e9b3334d3d4567,USDA_RFO_Deviation_Part-44.pdf,USDA,44,0,https://www.acquisition.gov/sites/default/files/page_file_uploads/USDA_RFO_Deviation_Part-44.pdf,308814
fb6a6ce047d27eb7_USDA_RFO_Deviation_Part-45.pdf,fb6a6ce047d27eb7,USDA_RFO_Deviation_Part-45.pdf,USDA,45,0,https://www.acquisition.gov/sites/default/files/page_file_uploads/USDA_RFO_Deviation_Part-45.pdf,283394
a13bb76a6bf043cc_USDA_RFO_Deviation_Part-46.pdf,a13bb76a6bf043cc,USDA_RFO_Deviation_Part-46.pdf,USDA,46,0,https://www.acquisition.gov/sites/default/files/page_file_uploads/USDA_RFO_Deviation_Part-46.pdf,284412
d4021c272e12bad7_USDA_RFO_Deviation_Part-47.pdf,d4021c272e12bad7,USDA_RFO_Deviation_Part-47.pdf,USDA,47,0,https://www.acquisition.gov/sites/default/files/page_file_uploads/USDA_RFO_Deviation_Part-47.pdf,319427
66fe2798ef83f0f6_USDA_RFO_Deviation_Part-48.pdf,66fe2798ef83f0f6,USDA_RFO_Deviation_Part-48.pdf,USDA,48,0,https://www.acquisition.gov/sites/default/files/page_file_uploads/USDA_RFO_Deviation_Part-48.pdf,300704
f768df8a9691c684_USDA_RFO_Deviation_Part-49.pdf,f768df8a9691c684,USDA_RFO_Deviation_Part-49.pdf,USDA,49,0,https://www.acquisition.gov/sites/default/files/page_file_uploads/USDA_RFO_Deviation_Part-49.pdf,284366
d552857def98790b_USDA_RFO_Deviation_Part-5.pdf,d552857def98790b,USDA_RFO_Deviation_Part-5.pdf,USDA,5,0,https://www.acquisition.gov/sites/default/files/page_file_uploads/USDA_RFO_Deviation_Part-5.pdf,305858
99f7e54e2f5cc8ef_USDA_RFO_Deviation_Part-50.pdf,99f7e54e2f5cc8ef,USDA_RFO_Deviation_Part-50.pdf,USDA,50,0,https://www.acquisition.gov/sites/default/files/page_file_uploads/USDA_RFO_Deviation_Part-50.pdf,303414
ecfc986a60a0f5f6_USDA_RFO_Deviation_Part-51.pdf,ecfc986a60a0f5f6,USDA_RFO_Deviation_Part-51.pdf,USDA,51,0,https://www.acquisition.gov/sites/default/files/page_file_uploads/USDA_RFO_Deviation_Part-51.pdf,278370
77278c15e2d0ebaa_USDA_RFO_Deviation_Part-53.pdf,77278c15e2d0ebaa,USDA_RFO_Deviation_Part-53.pdf,USDA,53,0,https://www.acquisition.gov/sites/default/files/page_file_uploads/USDA_RFO_Deviation_Part-53.pdf,281851
7404b66088160f40_USDA_RFO_Deviation_Part-6.pdf,7404b66088160f40,USDA_RFO_Deviation_Part-6.pdf,USDA,6,0,https://www.acquisition.gov/sites/default/files/page_file_uploads/USDA_RFO_Deviation_Part-6.pdf,301130
73e1e1a0cf8837d3_USDA_RFO_Deviation_Part-7.pdf,73e1e1a0cf8837d3,USDA_RFO_Deviation_Part-7.pdf,USDA,7,0,https://www.acquisition.gov/sites/default/files/page_file_uploads/USDA_RFO_Deviation_Part-7.pdf,313582
22bb524e3ac8bc40_USDA_RFO_Deviation_Part-8.pdf,22bb524e3ac8bc40,USDA_RFO_Deviation_Part-8.pdf,USDA,8,0,https://www.acquisition.gov/sites/default/files/page_file_uploads/USDA_RFO_Deviation_Part-8.pdf,316325
c5cf84e15e7fa9d0_USDA_RFO_Deviation_Part-9.pdf,c5cf84e15e7fa9d0,USDA_RFO_Deviation_Part-9.pdf,USDA,9,0,https://www.acquisition.gov/sites/default/files/page_file_uploads/USDA_RFO_Deviation_Part-9.pdf,289039
58b152a3606876ab_UDALL_RFO_Deviation_Part-1.pdf,58b152a3606876ab,UDALL_RFO_Deviation_Part-1.pdf,Udall Foundation,1,0,https://www.acquisition.gov/sites/default/files/page_file_uploads/UDALL_RFO_Deviation_Part-1.pdf,305218
52d1c947ae9309b6_UDALL_RFO_Deviation_Part-10.pdf,52d1c947ae9309b6,UDALL_RFO_Deviation_Part-10.pdf,Udall Foundation,10,0,https://www.acquisition.gov/sites/default/files/page_file_uploads/UDALL_RFO_Deviation_Part-10.pdf,322259
738efbcb4480586e_UDALL_RFO_Deviation_Part-11.pdf,738efbcb4480586e,UDALL_RFO_Deviation_Part-11.pdf,Udall Foundation,11,0,https://www.acquisition.gov/sites/default/files/page_file_uploads/UDALL_RFO_Deviation_Part-11.pdf,337288
7406dbd7caddb608_UDALL_RFO_Deviation_Part-12.pdf,7406dbd7caddb608,UDALL_RFO_Deviation_Part-12.pdf,Udall Foundation,12,0,https://www.acquisition.gov/sites/default/files/page_file_uploads/UDALL_RFO_Deviation_Part-12.pdf,347496
f016a7701ddd06a8_UDALL_RFO_Deviation_Part-13.pdf,f016a7701ddd06a8,UDALL_RFO_Deviation_Part-13.pdf,Udall Foundation,13,0,https://www.acquisition.gov/sites/default/files/page_file_uploads/UDALL_RFO_Deviation_Part-13.pdf,336303
7a6631956beb7a15_UDALL_RFO_Deviation_Part-14.pdf,7a6631956beb7a15,UDALL_RFO_Deviation_Part-14.pdf,Udall Foundation,14,0,https://www.acquisition.gov/sites/default/files/page_file_uploads/UDALL_RFO_Deviation_Part-14.pdf,338595
b85121c88a88606b_UDALL_RFO_Deviation_Part-15.pdf,b85121c88a88606b,UDALL_RFO_Deviation_Part-15.pdf,Udall Foundation,15,0,https://www.acquisition.gov/sites/default/files/page_file_uploads/UDALL_RFO_Deviation_Part-15.pdf,355207
ba3ebdefa72eb5f2_UDALL_RFO_Deviation_Part-16.pdf,ba3ebdefa72eb5f2,UDALL_RFO_Deviation_Part-16.pdf,Udall Foundation,16,0,https://www.acquisition.gov/sites/default/files/page_file_uploads/UDALL_RFO_Deviation_Part-16.pdf,351749
ce87192dd145782f_UDALL_RFO_Deviation_Part-17.pdf,ce87192dd145782f,UDALL_RFO_Deviation_Part-17.pdf,Udall Foundation,17,0,https://www.acquisition.gov/sites/default/files/page_file_uploads/UDALL_RFO_Deviation_Part-17.pdf,341238
11da64210da4909f_UDALL_RFO_Deviation_Part-18.pdf,11da64210da4909f,UDALL_RFO_Deviation_Part-18.pdf,Udall Foundation,18,0,https://www.acquisition.gov/sites/default/files/page_file_uploads/UDALL_RFO_Deviation_Part-18.pdf,328208
719fb04d97d415e4_UDALL_RFO_Deviation_Part-19.pdf,719fb04d97d415e4,UDALL_RFO_Deviation_Part-19.pdf,Udall Foundation,19,0,https://www.acquisition.gov/sites/default/files/page_file_uploads/UDALL_RFO_Deviation_Part-19.pdf,400076
1246dea248048c6f_UDALL_RFO_Deviation_Part-22.pdf,1246dea248048c6f,UDALL_RFO_Deviation_Part-22.pdf,Udall Foundation,22,0,https://www.acquisition.gov/sites/default/files/page_file_uploads/UDALL_RFO_Deviation_Part-22.pdf,349323
57ef6d9cc0ba061f_UDALL_RFO_Deviation_Part-23.pdf,57ef6d9cc0ba061f,UDALL_RFO_Deviation_Part-23.pdf,Udall Foundation,23,0,https://www.acquisition.gov/sites/default/files/page_file_uploads/UDALL_RFO_Deviation_Part-23.pdf,343892
92001368bffbdcfe_UDALL_RFO_Deviation_Part-24.pdf,92001368bffbdcfe,UDALL_RFO_Deviation_Part-24.pdf,Udall Foundation,24,0,https://www.acquisition.gov/sites/default/files/page_file_uploads/UDALL_RFO_Deviation_Part-24.pdf,307517
203051f3f2436f86_UDALL_RFO_Deviation_Part-25.pdf,203051f3f2436f86,UDALL_RFO_Deviation_Part-25.pdf,Udall Foundation,25,0,https://www.acquisition.gov/sites/default/files/page_file_uploads/UDALL_RFO_Deviation_Part-25.pdf,349516
a86749bd50b50e87_UDALL_RFO_Deviation_Part-26.pdf,a86749bd50b50e87,UDALL_RFO_Deviation_Part-26.pdf,Udall Foundation,26,0,https://www.acquisition.gov/sites/default/files/page_file_uploads/UDALL_RFO_Deviation_Part-26.pdf,333891
f2ff25e353348785_UDALL_RFO_Deviation_Part-27.pdf,f2ff25e353348785,UDALL_RFO_Deviation_Part-27.pdf,Udall Foundation,27,0,https://www.acquisition.gov/sites/default/files/page_file_uploads/UDALL_RFO_Deviation_Part-27.pdf,345504
5090fe6b0c0ed452_UDALL_RFO_Deviation_Part-28.pdf,5090fe6b0c0ed452,UDALL_RFO_Deviation_Part-28.pdf,Udall Foundation,28,0,https://www.acquisition.gov/sites/default/files/page_file_uploads/UDALL_RFO_Deviation_Part-28.pdf,307064
a5055d975bd85cd2_UDALL_RFO_Deviation_Part-29.pdf,a5055d975bd85cd2,UDALL_RFO_Deviation_Part-29.pdf,Udall Foundation,29,0,https://www.acquisition.gov/sites/default/files/page_file_uploads/UDALL_RFO_Deviation_Part-29.pdf,332840
14a75a7c8f8d8bb6_UDALL_RFO_Deviation_Part-3.pdf,14a75a7c8f8d8bb6,UDALL_RFO_Deviation_Part-3.pdf,Udall Foundation,3,0,https://www.acquisition.gov/sites/default/files/page_file_uploads/UDALL_RFO_Deviation_Part-3.pdf,333659
ed27680617d95e86_UDALL_RFO_Deviation_Part-30.pdf,ed27680617d95e86,UDALL_RFO_Deviation_Part-30.pdf,Udall Foundation,30,0,https://www.acquisition.gov/sites/default/files/page_file_uploads/UDALL_RFO_Deviation_Part-30.pdf,341696
0c2e075281a7b640_UDALL_RFO_Deviation_Part-31.pdf,0c2e075281a7b640,UDALL_RFO_Deviation_Part-31.pdf,Udall Foundation,31,0,https://www.acquisition.gov/sites/default/files/page_file_uploads/UDALL_RFO_Deviation_Part-31.pdf,310515
3910959b8e0ab818_UDALL_RFO_Deviation_Part-32.pdf,3910959b8e0ab818,UDALL_RFO_Deviation_Part-32.pdf,Udall Foundation,32,0,https://www.acquisition.gov/sites/default/files/page_file_uploads/UDALL_RFO_Deviation_Part-32.pdf,338035
cac0075df507c9e1_UDALL_RFO_Deviation_Part-33.pdf,cac0075df507c9e1,UDALL_RFO_Deviation_Part-33.pdf,Udall Foundation,33,0,https://www.acquisition.gov/sites/default/files/page_file_uploads/UDALL_RFO_Deviation_Part-33.pdf,336219
1c4da94025006d5b_UDALL_RFO_Deviation_Part-34.pdf,1c4da94025006d5b,UDALL_RFO_Deviation_Part-34.pdf,Udall Foundation,34,0,https://www.acquisition.gov/sites/default/files/page_file_uploads/UDALL_RFO_Deviation_Part-34.pdf,301001
0d9d9d2c32609810_UDALL_RFO_Deviation_Part-35.pdf,0d9d9d2c32609810,UDALL_RFO_Deviation_Part-35.pdf,Udall Foundation,35,0,https://www.acquisition.gov/sites/default/files/page_file_uploads/UDALL_RFO_Deviation_Part-35.pdf,331706
eaf3c29783a925cd_UDALL_RFO_Deviation_Part-36.pdf,eaf3c29783a925cd,UDALL_RFO_Deviation_Part-36.pdf,Udall Foundation,36,0,https://www.acquisition.gov/sites/default/files/page_file_uploads/UDALL_RFO_Deviation_Part-36.pdf,342189
deeafd57c7b38c0d_UDALL_RFO_Deviation_Part-37.pdf,deeafd57c7b38c0d,UDALL_RFO_Deviation_Part-37.pdf,Udall Foundation,37,0,https://www.acquisition.gov/sites/default/files/page_file_uploads/UDALL_RFO_Deviation_Part-37.pdf,379352
c3e4d732f8326ca9_UDALL_RFO_Deviation_Part-38.pdf,c3e4d732f8326ca9,UDALL_RFO_Deviation_Part-38.pdf,Udall Foundation,38,0,https://www.acquisition.gov/sites/default/files/page_file_uploads/UDALL_RFO_Deviation_Part-38.pdf,300397
6dca7ab1ac80ef78_UDALL_RFO_Deviation_Part-39.pdf,6dca7ab1ac80ef78,UDALL_RFO_Deviation_Part-39.pdf,Udall Foundation,39,0,https://www.acquisition.gov/sites/default/files/page_file_uploads/UDALL_RFO_Deviation_Part-39.pdf,326482
42382bab900a0a2d_UDALL_RFO_Deviation_Part-4.pdf,42382bab900a0a2d,UDALL_RFO_Deviation_Part-4.pdf,Udall Foundation,4,0,https://www.acquisition.gov/sites/default/files/page_file_uploads/UDALL_RFO_Deviation_Part-4.pdf,359254
c69aa9abcaea45c3_UDALL_RFO_Deviation_Part-40.pdf,c69aa9abcaea45c3,UDALL_RFO_Deviation_Part-40.pdf,Udall Foundation,40,0,https://www.acquisition.gov/sites/default/files/page_file_uploads/UDALL_RFO_Deviation_Part-40.pdf,350866
c93111372ffe3279_UDALL_RFO_Deviation_Part-41.pdf,c93111372ffe3279,UDALL_RFO_Deviation_Part-41.pdf,Udall Foundation,41,0,https://www.acquisition.gov/sites/default/files/page_file_uploads/UDALL_RFO_Deviation_Part-41.pdf,306112
af61f6d503b8f092_UDALL_RFO_Deviation_Part-42.pdf,af61f6d503b8f092,UDALL_RFO_Deviation_Part-42.pdf,Udall Foundation,42,0,https://www.acquisition.gov/sites/default/files/page_file_uploads/UDALL_RFO_Deviation_Part-42.pdf,344096
990e9cb3f53f1a56_UDALL_RFO_Deviation_Part-43.pdf,990e9cb3f53f1a56,UDALL_RFO_Deviation_Part-43.pdf,Udall Foundation,43,0,https://www.acquisition.gov/sites/default/files/page_file_uploads/UDALL_RFO_Deviation_Part-43.pdf,308595
a0792a0083c8d7c5_UDALL_RFO_Deviation_Part-44.pdf,a0792a0083c8d7c5,UDALL_RFO_Deviation_Part-44.pdf,Udall Foundation,44,0,https://www.acquisition.gov/sites/default/files/page_file_uploads/UDALL_RFO_Deviation_Part-44.pdf,334040
c49c0af3c08f2b77_UDALL_RFO_Deviation_Part-45.pdf,c49c0af3c08f2b77,UDALL_RFO_Deviation_Part-45.pdf,Udall Foundation,45,0,https://www.acquisition.gov/sites/default/files/page_file_uploads/UDALL_RFO_Deviation_Part-45.pdf,306765
af72de7a60d74db3_UDALL_RFO_Deviation_Part-46.pdf,af72de7a60d74db3,UDALL_RFO_Deviation_Part-46.pdf,Udall Foundation,46,0,https://www.acquisition.gov/sites/default/files/page_file_uploads/UDALL_RFO_Deviation_Part-46.pdf,313697
f6a03aa402a20d27_UDALL_RFO_Deviation_Part-47.pdf,f6a03aa402a20d27,UDALL_RFO_Deviation_Part-47.pdf,Udall Foundation,47,0,https://www.acquisition.gov/sites/default/files/page_file_uploads/UDALL_RFO_Deviation_Part-47.pdf,345453
acdc0089df9aebca_UDALL_RFO_Deviation_Part-48.pdf,acdc0089df9aebca,UDALL_RFO_Deviation_Part-48.pdf,Udall Foundation,48,0,https://www.acquisition.gov/sites/default/files/page_file_uploads/UDALL_RFO_Deviation_Part-48.pdf,328140
44be5ee6ccd134a6_UDALL_RFO_Deviation_Part-49.pdf,44be5ee6ccd134a6,UDALL_RFO_Deviation_Part-49.pdf,Udall Foundation,49,0,https://www.acquisition.gov/sites/default/files/page_file_uploads/UDALL_RFO_Deviation_Part-49.pdf,313878
7fbf82e2b98eeb2a_UDALL_RFO_Deviation_Part-5.pdf,7fbf82e2b98eeb2a,UDALL_RFO_Deviation_Part-5.pdf,Udall Foundation,5,0,https://www.acquisition.gov/sites/default/files/page_file_uploads/UDALL_RFO_Deviation_Part-5.pdf,334301
6fd3836540192127_UDALL_RFO_Deviation_Part-50.pdf,6fd3836540192127,UDALL_RFO_Deviation_Part-50.pdf,Udall Foundation,50,0,https://www.acquisition.gov/sites/default/files/page_file_uploads/UDALL_RFO_Deviation_Part-50.pdf,331022
72b1791a4987f08b_UDALL_RFO_Deviation_Part-51.pdf,72b1791a4987f08b,UDALL_RFO_Deviation_Part-51.pdf,Udall Foundation,51,0,https://www.acquisition.gov/sites/default/files/page_file_uploads/UDALL_RFO_Deviation_Part-51.pdf,300454
42d17ae5389b974e_UDALL_RFO_Deviation_Part-53.pdf,42d17ae5389b974e,UDALL_RFO_Deviation_Part-53.pdf,Udall Foundation,53,0,https://www.acquisition.gov/sites/default/files/page_file_uploads/UDALL_RFO_Deviation_Part-53.pdf,304052
046501d783bf3ffe_UDALL_RFO_Deviation_Part-6.pdf,046501d783bf3ffe,UDALL_RFO_Deviation_Part-6.pdf,Udall Foundation,6,0,https://www.acquisition.gov/sites/default/files/page_file_uploads/UDALL_RFO_Deviation_Part-6.pdf,328394
3d0a14a88bf1f26d_UDALL_RFO_Deviation_Part-7.pdf,3d0a14a88bf1f26d,UDALL_RFO_Deviation_Part-7.pdf,Udall Foundation,7,0,https://www.acquisition.gov/sites/default/files/page_file_uploads/UDALL_RFO_Deviation_Part-7.pdf,342095
27b96bc43d156ee6_UDALL_RFO_Deviation_Part-8.pdf,27b96bc43d156ee6,UDALL_RFO_Deviation_Part-8.pdf,Udall Foundation,8,0,https://www.acquisition.gov/sites/default/files/page_file_uploads/UDALL_RFO_Deviation_Part-8.pdf,366130
cb73f3f791a949a7_UDALL_RFO_Deviation_Part-9.pdf,cb73f3f791a949a7,UDALL_RFO_Deviation_Part-9.pdf,Udall Foundation,9,0,https://www.acquisition.gov/sites/default/files/page_file_uploads/UDALL_RFO_Deviation_Part-9.pdf,318313
a2c64b1b87173104_RFO.pdf,a2c64b1b87173104,RFO.pdf,Unknown,-1,0,https://www.acquisition.gov/sites/default/files/page_file_uploads/RFO.pdf,8361230
2e84fe4dca642a9b_VA_RFO_Deviation_Part-1.pdf,2e84fe4dca642a9b,VA_RFO_Deviation_Part-1.pdf,VA,1,0,https://www.acquisition.gov/sites/default/files/page_file_uploads/VA_RFO_Deviation_Part-1.pdf,217133
598941d2d49c754c_VA_RFO_Deviation_Part-10.pdf,598941d2d49c754c,VA_RFO_Deviation_Part-10.pdf,VA,10,0,https://www.acquisition.gov/sites/default/files/page_file_uploads/VA_RFO_Deviation_Part-10.pdf,222667
413660a11becbf33_VA_RFO_Deviation_Part-11.pdf,413660a11becbf33,VA_RFO_Deviation_Part-11.pdf,VA,11,0,https://www.acquisition.gov/sites/default/files/page_file_uploads/VA_RFO_Deviation_Part-11.pdf,221474
b09862f2c0f09b4c_VA_RFO_Deviation_Part-12.pdf,b09862f2c0f09b4c,VA_RFO_Deviation_Part-12.pdf,VA,12,0,https://www.acquisition.gov/sites/default/files/page_file_uploads/VA_RFO_Deviation_Part-12.pdf,250118
d0581afacf6f84eb_VA_RFO_Deviation_Part-13.pdf,d0581afacf6f84eb,VA_RFO_Deviation_Part-13.pdf,VA,13,0,https://www.acquisition.gov/sites/default/files/page_file_uploads/VA_RFO_Deviation_Part-13.pdf,247421
befc868da49ebe73_VA_RFO_Deviation_Part-14.pdf,befc868da49ebe73,VA_RFO_Deviation_Part-14.pdf,VA,14,0,https://www.acquisition.gov/sites/default/files/page_file_uploads/VA_RFO_Deviation_Part-14.pdf,250036
f27030c51399c593_VA_RFO_Deviation_Part-15.pdf,f27030c51399c593,VA_RFO_Deviation_Part-15.pdf,VA,15,0,https://www.acquisition.gov/sites/default/files/page_file_uploads/VA_RFO_Deviation_Part-15.pdf,293630
45c031ba7007457b_VA_RFO_Deviation_Part-16.pdf,45c031ba7007457b,VA_RFO_Deviation_Part-16.pdf,VA,16,0,https://www.acquisition.gov/sites/default/files/page_file_uploads/VA_RFO_Deviation_Part-16.pdf,271518
67ff77f07f400afc_VA_RFO_Deviation_Part-17.pdf,67ff77f07f400afc,VA_RFO_Deviation_Part-17.pdf,VA,17,0,https://www.acquisition.gov/sites/default/files/page_file_uploads/VA_RFO_Deviation_Part-17.pdf,250821
e6aa74f2765b6370_VA_RFO_Deviation_Part-18.pdf,e6aa74f2765b6370,VA_RFO_Deviation_Part-18.pdf,VA,18,0,https://www.acquisition.gov/sites/default/files/page_file_uploads/VA_RFO_Deviation_Part-18.pdf,213363
fa207d26e51fe647_VA_RFO_Deviation_Part-19.pdf,fa207d26e51fe647,VA_RFO_Deviation_Part-19.pdf,VA,19,0,https://www.acquisition.gov/sites/default/files/page_file_uploads/VA_RFO_Deviation_Part-19.pdf,404005
7055c1409f562bc5_VA_RFO_Deviation_Part-22.pdf,7055c1409f562bc5,VA_RFO_Deviation_Part-22.pdf,VA,22,0,https://www.acquisition.gov/sites/default/files/page_file_uploads/VA_RFO_Deviation_Part-22.pdf,278558
f75360ea75e16495_VA_RFO_Deviation_Part-23.pdf,f75360ea75e16495,VA_RFO_Deviation_Part-23.pdf,VA,23,0,https://www.acquisition.gov/sites/default/files/page_file_uploads/VA_RFO_Deviation_Part-23.pdf,197808
0ef2d0c764b7880c_VA_RFO_Deviation_Part-24.pdf,0ef2d0c764b7880c,VA_RFO_Deviation_Part-24.pdf,VA,24,0,https://www.acquisition.gov/sites/default/files/page_file_uploads/VA_RFO_Deviation_Part-24.pdf,231932
3fae10d1c06e05ba_VA_RFO_Deviation_Part-25.pdf,3fae10d1c06e05ba,VA_RFO_Deviation_Part-25.pdf,VA,25,0,https://www.acquisition.gov/sites/default/files/page_file_uploads/VA_RFO_Deviation_Part-25.pdf,262561
46af70d2eb2968fb_VA_RFO_Deviation_Part-26.pdf,46af70d2eb2968fb,VA_RFO_Deviation_Part-26.pdf,VA,26,0,https://www.acquisition.gov/sites/default/files/page_file_uploads/VA_RFO_Deviation_Part-26.pdf,162329
b3d03e08f772e09b_VA_RFO_Deviation_Part-27.pdf,b3d03e08f772e09b,VA_RFO_Deviation_Part-27.pdf,VA,27,0,https://www.acquisition.gov/sites/default/files/page_file_uploads/VA_RFO_Deviation_Part-27.pdf,270358
215eaa1ec4e65c52_VA_RFO_Deviation_Part-28.pdf,215eaa1ec4e65c52,VA_RFO_Deviation_Part-28.pdf,VA,28,0,https://www.acquisition.gov/sites/default/files/page_file_uploads/VA_RFO_Deviation_Part-28.pdf,112633
98f25cbba684d94a_VA_RFO_Deviation_Part-29.pdf,98f25cbba684d94a,VA_RFO_Deviation_Part-29.pdf,VA,29,0,https://www.acquisition.gov/sites/default/files/page_file_uploads/VA_RFO_Deviation_Part-29.pdf,275397
c4f28c8d583ce0d5_VA_RFO_Deviation_Part-3.pdf,c4f28c8d583ce0d5,VA_RFO_Deviation_Part-3.pdf,VA,3,0,https://www.acquisition.gov/sites/default/files/page_file_uploads/VA_RFO_Deviation_Part-3.pdf,245367
0d6a27c59310094e_VA_RFO_Deviation_Part-30.pdf,0d6a27c59310094e,VA_RFO_Deviation_Part-30.pdf,VA,30,0,https://www.acquisition.gov/sites/default/files/page_file_uploads/VA_RFO_Deviation_Part-30.pdf,277021
13c5ac613adc84e5_VA_RFO_Deviation_Part-31.pdf,13c5ac613adc84e5,VA_RFO_Deviation_Part-31.pdf,VA,31,0,https://www.acquisition.gov/sites/default/files/page_file_uploads/VA_RFO_Deviation_Part-31.pdf,194871
7a82f17b149b2db8_VA_RFO_Deviation_Part-32.pdf,7a82f17b149b2db8,VA_RFO_Deviation_Part-32.pdf,VA,32,0,https://www.acquisition.gov/sites/default/files/page_file_uploads/VA_RFO_Deviation_Part-32.pdf,272486
35546ccbd3f2dd7e_VA_RFO_Deviation_Part-33.pdf,35546ccbd3f2dd7e,VA_RFO_Deviation_Part-33.pdf,VA,33,0,https://www.acquisition.gov/sites/default/files/page_file_uploads/VA_RFO_Deviation_Part-33.pdf,246574
b2eddd62d7651376_VA_RFO_Deviation_Part-34.pdf,b2eddd62d7651376,VA_RFO_Deviation_Part-34.pdf,VA,34,0,https://www.acquisition.gov/sites/default/files/page_file_uploads/VA_RFO_Deviation_Part-34.pdf,215033
fd668aeda7d0160d_VA_RFO_Deviation_Part-35.pdf,fd668aeda7d0160d,VA_RFO_Deviation_Part-35.pdf,VA,35,0,https://www.acquisition.gov/sites/default/files/page_file_uploads/VA_RFO_Deviation_Part-35.pdf,256273
b8a043d73d9343c1_VA_RFO_Deviation_Part-36.pdf,b8a043d73d9343c1,VA_RFO_Deviation_Part-36.pdf,VA,36,0,https://www.acquisition.gov/sites/default/files/page_file_uploads/VA_RFO_Deviation_Part-36.pdf,227203
1750b39b4565b573_VA_RFO_Deviation_Part-37.pdf,1750b39b4565b573,VA_RFO_Deviation_Part-37.pdf,VA,37,0,https://www.acquisition.gov/sites/default/files/page_file_uploads/VA_RFO_Deviation_Part-37.pdf,303240
5ab43d3d5b48895f_VA_RFO_Deviation_Part-38.pdf,5ab43d3d5b48895f,VA_RFO_Deviation_Part-38.pdf,VA,38,0,https://www.acquisition.gov/sites/default/files/page_file_uploads/VA_RFO_Deviation_Part-38.pdf,110341
9c97a281318eee44_VA_RFO_Deviation_Part-39.pdf,9c97a281318eee44,VA_RFO_Deviation_Part-39.pdf,VA,39,0,https://www.acquisition.gov/sites/default/files/page_file_uploads/VA_RFO_Deviation_Part-39.pdf,192556
fa8ed1a5510b223e_VA_RFO_Deviation_Part-4.pdf,fa8ed1a5510b223e,VA_RFO_Deviation_Part-4.pdf,VA,4,0,https://www.acquisition.gov/sites/default/files/page_file_uploads/VA_RFO_Deviation_Part-4.pdf,299264
dc020b1ed1405b1f_VA_RFO_Deviation_Part-40.pdf,dc020b1ed1405b1f,VA_RFO_Deviation_Part-40.pdf,VA,40,0,https://www.acquisition.gov/sites/default/files/page_file_uploads/VA_RFO_Deviation_Part-40.pdf,247995
d818150aabca5f0d_VA_RFO_Deviation_Part-41.pdf,d818150aabca5f0d,VA_RFO_Deviation_Part-41.pdf,VA,41,0,https://www.acquisition.gov/sites/default/files/page_file_uploads/VA_RFO_Deviation_Part-41.pdf,217144
b072391376a893ed_VA_RFO_Deviation_Part-42.pdf,b072391376a893ed,VA_RFO_Deviation_Part-42.pdf,VA,42,0,https://www.acquisition.gov/sites/default/files/page_file_uploads/VA_RFO_Deviation_Part-42.pdf,255558
1d14f3f7e8d69887_VA_RFO_Deviation_Part-43.pdf,1d14f3f7e8d69887,VA_RFO_Deviation_Part-43.pdf,VA,43,0,https://www.acquisition.gov/sites/default/files/page_file_uploads/VA_RFO_Deviation_Part-43.pdf,194213
a6776363ba46ac38_VA_RFO_Deviation_Part-44.pdf,a6776363ba46ac38,VA_RFO_Deviation_Part-44.pdf,VA,44,0,https://www.acquisition.gov/sites/default/files/page_file_uploads/VA_RFO_Deviation_Part-44.pdf,259895
8a06ea8bcac8272b_VA_RFO_Deviation_Part-45.pdf,8a06ea8bcac8272b,VA_RFO_Deviation_Part-45.pdf,VA,45,0,https://www.acquisition.gov/sites/default/files/page_file_uploads/VA_RFO_Deviation_Part-45.pdf,216856
9b84ab255a5167c0_VA_RFO_Deviation_Part-46.pdf,9b84ab255a5167c0,VA_RFO_Deviation_Part-46.pdf,VA,46,0,https://www.acquisition.gov/sites/default/files/page_file_uploads/VA_RFO_Deviation_Part-46.pdf,221256
bb0969dc35f98697_VA_RFO_Deviation_Part-47.pdf,bb0969dc35f98697,VA_RFO_Deviation_Part-47.pdf,VA,47,0,https://www.acquisition.gov/sites/default/files/page_file_uploads/VA_RFO_Deviation_Part-47.pdf,203590
2ada1c21e290bdb5_VA_RFO_Deviation_Part-48.pdf,2ada1c21e290bdb5,VA_RFO_Deviation_Part-48.pdf,VA,48,0,https://www.acquisition.gov/sites/default/files/page_file_uploads/VA_RFO_Deviation_Part-48.pdf,239798
6b44fdc1af0a6564_VA_RFO_Deviation_Part-49.pdf,6b44fdc1af0a6564,VA_RFO_Deviation_Part-49.pdf,VA,49,0,https://www.acquisition.gov/sites/default/files/page_file_uploads/VA_RFO_Deviation_Part-49.pdf,222240
66f76191c1e44325_VA_RFO_Deviation_Part-5.pdf,66f76191c1e44325,VA_RFO_Deviation_Part-5.pdf,VA,5,0,https://www.acquisition.gov/sites/default/files/page_file_uploads/VA_RFO_Deviation_Part-5.pdf,214745
ee24174f37267dfd_VA_RFO_Deviation_Part-50.pdf,ee24174f37267dfd,VA_RFO_Deviation_Part-50.pdf,VA,50,0,https://www.acquisition.gov/sites/default/files/page_file_uploads/VA_RFO_Deviation_Part-50.pdf,210829
9610b5b9b87a1012_VA_RFO_Deviation_Part-51.pdf,9610b5b9b87a1012,VA_RFO_Deviation_Part-51.pdf,VA,51,0,https://www.acquisition.gov/sites/default/files/page_file_uploads/VA_RFO_Deviation_Part-51.pdf,190047
5726c4f6fca70d6a_VA_RFO_Deviation_Part-53.pdf,5726c4f6fca70d6a,VA_RFO_Deviation_Part-53.pdf,VA,53,0,https://www.acquisition.gov/sites/default/files/page_file_uploads/VA_RFO_Deviation_Part-53.pdf,153335
863292b85c17c8f9_VA_RFO_Deviation_Part-6.pdf,863292b85c17c8f9,VA_RFO_Deviation_Part-6.pdf,VA,6,0,https://www.acquisition.gov/sites/default/files/page_file_uploads/VA_RFO_Deviation_Part-6.pdf,269418
9688ec69ee0c4562_VA_RFO_Deviation_Part-7.pdf,9688ec69ee0c4562,VA_RFO_Deviation_Part-7.pdf,VA,7,0,https://www.acquisition.gov/sites/default/files/page_file_uploads/VA_RFO_Deviation_Part-7.pdf,261665
aac465f83a9ddff2_VA_RFO_Deviation_Part-8.pdf,aac465f83a9ddff2,VA_RFO_Deviation_Part-8.pdf,VA,8,0,https://www.acquisition.gov/sites/default/files/page_file_uploads/VA_RFO_Deviation_Part-8.pdf,224959
cd0b708f35dbeec9_VA_RFO_Deviation_Part-9.pdf,cd0b708f35dbeec9,VA_RFO_Deviation_Part-9.pdf,VA,9,0,https://www.acquisition.gov/sites/default/files/page_file_uploads/VA_RFO_Deviation_Part-9.pdf,251892
